max_abs_dV,exact_ln_ratio,lower,upper,first_order,force_rmse
2.999999999999999889e-01,8.333328738594551061e-03,7.987177248385896738e-03,9.049941947401305559e-03,8.717316544132649656e-03,2.725861829496669664e-01
2.999999999999999889e-01,2.385630594298916024e-02,2.269180507136913175e-02,2.882398013418551591e-02,3.020761243284314154e-02,8.508819583317455137e-01
2.999999999999999889e-01,1.097359822749736322e-04,-2.967166211068218706e-03,1.311481667249488059e-03,4.085917362398883146e-04,8.186433880100809635e-01
2.999999999999999889e-01,-6.385469338634159296e-03,-7.183241608635876005e-03,-5.963510128901018323e-03,-6.135111719456104451e-03,4.441283977169167008e-01
2.999999999999999889e-01,-9.852480960874156549e-03,-1.058956331822792293e-02,-9.454366185107903470e-03,-9.143719082369414913e-03,4.756077963046214108e-01
2.999999999999999889e-01,1.078247394515946880e-02,8.572031845323541122e-03,1.352201959335708886e-02,1.239005108691131063e-02,4.961647831423620647e-01
2.999999999999999889e-01,-3.780298844903379196e-02,-4.006371251237578202e-02,-3.558455337959227222e-02,-3.334259505474886087e-02,1.026986867304398920e+00
2.999999999999999889e-01,2.609027889034537528e-02,2.312574517568299903e-02,2.844707825190800204e-02,2.841491231526893646e-02,9.567372113056648031e-01
2.999999999999999889e-01,1.799137974374738144e-02,1.743635561531095557e-02,1.932907246874831370e-02,2.080046673107781297e-02,9.724336682758901729e-01
2.999999999999999889e-01,9.190946851228745662e-03,8.365328925697183837e-03,9.566463194401360337e-03,1.021618825821786307e-02,7.669246163623447687e-01
2.999999999999999889e-01,-1.415352718769413709e-02,-1.572730390030980391e-02,-1.294848596692374509e-02,-1.334526282512307760e-02,5.788117013323160753e-01
2.999999999999999889e-01,-1.745813416295543055e-02,-2.029361422281410199e-02,-1.427014939051535203e-02,-1.366165450056693043e-02,9.276100328905724224e-01
2.999999999999999889e-01,2.710111181756979029e-02,2.643556022075563977e-02,3.217626983872907964e-02,3.297059175679456500e-02,8.405529086014265072e-01
2.999999999999999889e-01,-4.477633170121867075e-03,-5.985095862513382936e-03,-4.613966757992631063e-04,-1.497787133258293713e-03,7.768205099791845036e-01
2.999999999999999889e-01,3.820466527627555588e-03,2.493542563823962846e-03,5.069997751899467733e-03,4.612075438739104277e-03,4.837700369449005611e-01
2.999999999999999889e-01,4.645013530285548031e-03,3.329917784158829830e-03,6.207900022637760293e-03,5.620133183194762558e-03,3.915095853231794765e-01
2.999999999999999889e-01,-5.004387115262499963e-03,-6.390375733620258514e-03,-4.102728834880942088e-03,-4.581007283403052549e-03,4.265012383647762695e-01
2.999999999999999889e-01,1.401191762510278944e-02,1.199089857770620562e-02,1.600867805437138774e-02,1.717390274220214480e-02,7.325219088690857472e-01
2.999999999999999889e-01,-2.257499426241909657e-04,-2.466271109469536649e-03,4.432814668669390890e-03,3.560720422976643151e-03,6.833557500368611093e-01
2.999999999999999889e-01,-3.520379795966289277e-02,-3.651617000544234853e-02,-3.221319078249894330e-02,-3.152292825509592222e-02,8.327630512661793327e-01
2.999999999999999889e-01,9.061052236008258071e-03,7.006971837927575275e-03,1.118383466184678238e-02,1.006076297178463627e-02,6.576864456792435032e-01
2.999999999999999889e-01,-3.098837897658370064e-03,-3.173730357679488065e-03,-2.896443795305755561e-03,-2.883128254597449452e-03,2.301010062076828677e-01
2.999999999999999889e-01,9.676924107821975249e-03,8.968840172349834550e-03,1.223572778031450925e-02,1.157409958682627249e-02,3.922392631986405531e-01
2.999999999999999889e-01,1.385144967004060639e-02,1.332061148315953278e-02,1.513745660286229013e-02,1.630142416167117483e-02,8.271115868854707065e-01
2.999999999999999889e-01,1.164197353367852142e-02,1.041178982441121753e-02,1.865527163627392349e-02,1.821051420875899329e-02,7.763546550576116978e-01
2.999999999999999889e-01,2.964050249720688764e-03,2.357831902049634110e-03,3.364445910817926919e-03,3.010851198421307315e-03,3.397189741779220729e-01
2.999999999999999889e-01,-1.890739153006574733e-02,-2.218286174115556564e-02,-1.582260453788126436e-02,-1.736532730287792398e-02,5.885995439025210052e-01
2.999999999999999889e-01,8.642693304393699386e-03,7.520192539785734535e-03,9.023534349074113087e-03,8.684004161361244187e-03,4.685167534493537844e-01
2.999999999999999889e-01,-1.028984110553625604e-02,-1.219690507468536300e-02,-6.727956704192614157e-03,-7.669462546350175325e-03,5.271774110526123991e-01
2.999999999999999889e-01,-2.226481778679723772e-02,-2.361517406006266237e-02,-2.022026068335293011e-02,-2.036825462047771318e-02,6.367566207338449802e-01
1.000000000000000000e+00,-2.182235385441853165e-02,-2.982225338478303872e-02,-1.520857082218614320e-02,-1.616562221499241725e-02,1.293543246224555077e+00
1.000000000000000000e+00,-3.270556532904680871e-03,-1.677436162448385504e-02,2.946633795798003080e-02,1.730227219723422249e-02,2.123384083114346677e+00
1.000000000000000000e+00,-1.507630814810929365e-01,-1.560298136294204774e-01,-1.421534890157822861e-01,-1.279757845165722385e-01,2.569916377606322744e+00
1.000000000000000000e+00,2.227239619307254739e-02,-1.192609154211604627e-02,3.653821497799322748e-02,2.630196988597682806e-02,2.033446225970670262e+00
1.000000000000000000e+00,4.289715420990832667e-02,2.360879201568695518e-02,5.234481147767391235e-02,4.065637156171195837e-02,1.312005731209864079e+00
1.000000000000000000e+00,7.148826110505396118e-03,-1.182883184177094260e-02,1.662316038312214306e-02,2.334409822813195146e-02,2.771422617747735906e+00
1.000000000000000000e+00,6.068749025160987548e-02,4.802266165869539805e-02,8.948488587080345724e-02,9.342315297408546049e-02,3.199855370707309188e+00
1.000000000000000000e+00,-2.145419034262895444e-02,-3.141790654305090524e-02,4.383768885422856254e-04,3.298779229527773471e-03,3.180043549673834402e+00
1.000000000000000000e+00,-2.354906308946128415e-02,-3.644240095159137494e-02,1.754059524228449019e-02,1.159226874739821556e-02,2.513602012858883405e+00
1.000000000000000000e+00,3.709116642029104509e-03,-1.295544405807595723e-02,8.489764935905669274e-03,3.752457392346308929e-03,2.102146963314031947e+00
1.000000000000000000e+00,6.027717768171783272e-03,4.346130892940860274e-03,7.701147550521519197e-03,6.818605705867987476e-03,8.807988550874223943e-01
1.000000000000000000e+00,-4.246563835422656474e-02,-4.842295985288817134e-02,-3.628954751182562888e-02,-3.336256071696279413e-02,1.698620752190654670e+00
1.000000000000000000e+00,-1.910402310969949724e-02,-2.946429660882834284e-02,-1.516181850861135494e-02,-1.819812311209600270e-02,1.188438726824121439e+00
1.000000000000000000e+00,2.617028942995811361e-02,1.561169071310573864e-02,4.025198137133106230e-02,4.904150166159425284e-02,2.139199379062187045e+00
1.000000000000000000e+00,9.601359955085303488e-02,9.180079747461396267e-02,1.127478739601522756e-01,1.486517978298146636e-01,2.447729016087986320e+00
1.000000000000000000e+00,-5.028537629151780264e-02,-1.026829651102992291e-01,-3.155084333774683947e-02,-4.905766843603193150e-02,2.968846882552357069e+00
1.000000000000000000e+00,2.564909643509849166e-02,1.541034882283079388e-02,3.247103385307377466e-02,2.604010374246946979e-02,9.968417614538606086e-01
1.000000000000000000e+00,-1.262814048756269979e-03,-8.082431475173040836e-03,1.257515513263975093e-02,1.059871303107368101e-02,2.245262206858235743e+00
1.000000000000000000e+00,1.116497912547528663e-02,-3.493142089528923633e-03,1.684223731685802194e-02,9.582787302867601387e-03,1.383826743961992678e+00
1.000000000000000000e+00,-5.727674452393342885e-02,-7.109519751830914447e-02,-2.366638785108602858e-02,-3.090451533384323823e-02,1.554258202067109185e+00
1.000000000000000000e+00,5.069805956262340985e-02,2.083621334450939944e-02,8.527238354841906731e-02,6.775011783310933011e-02,2.263268804960899327e+00
1.000000000000000000e+00,-1.546309535206134012e-01,-1.839856799663367182e-01,-9.820246442832664124e-02,-1.084598150865880017e-01,2.235656039570654396e+00
1.000000000000000000e+00,-3.954995726630666786e-02,-7.694802389964641720e-02,-2.507808267000304070e-02,-3.063086416787601240e-02,2.414424008611693484e+00
1.000000000000000000e+00,-8.412595198637543015e-02,-9.811076436415289148e-02,-6.664126223189367759e-02,-5.596451849022873737e-02,3.060925786379697922e+00
1.000000000000000000e+00,-5.694338473881235124e-02,-8.057298853649291770e-02,-7.256599156915660015e-03,-2.414125042297924836e-02,2.374507739516428906e+00
1.000000000000000000e+00,-2.762242821409918725e-02,-3.482071170954156858e-02,-1.787106499840641904e-02,-1.798643087008602870e-02,1.894869717248556462e+00
1.000000000000000000e+00,-5.911053521594841228e-05,-5.882976107081883121e-03,1.133820762195060505e-02,8.846836652716759397e-03,1.674303596018159590e+00
1.000000000000000000e+00,-2.872530199531524511e-02,-5.390650256255924422e-02,4.853471893896607603e-03,-6.207412236897878743e-03,1.583954149476128226e+00
1.000000000000000000e+00,9.482439373680526251e-03,-5.108439011756615855e-03,3.878444050983950731e-02,2.944844868688376027e-02,1.606110842574607789e+00
1.000000000000000000e+00,5.381316716293811642e-02,4.026380117201558417e-02,7.280507490951300398e-02,5.961941020523893464e-02,1.334846016009181291e+00
3.000000000000000000e+00,-2.819077636332237638e-02,-1.215222104861361924e-01,-1.900117405132469017e-03,-5.134025080088311377e-03,4.113637684178937270e+00
3.000000000000000000e+00,-5.031932358297399599e-01,-5.193594542894116595e-01,-2.804543156954902861e-01,-1.414995725008268979e-01,7.089210169046040733e+00
3.000000000000000000e+00,-1.610776274560825339e-02,-4.734353938983124066e-02,1.209798402680803409e-02,-3.680054182924774597e-03,2.352606520664739076e+00
3.000000000000000000e+00,-4.209357162224118265e-01,-4.627170411412320217e-01,-1.747341063398557548e-01,-1.288521804492080425e-01,6.277581349359942386e+00
3.000000000000000000e+00,-4.171482225319637083e-01,-4.780621791727747705e-01,-1.701565438558753085e-01,-9.639093149306435238e-02,7.582087481437484122e+00
3.000000000000000000e+00,-1.785071827340394823e-01,-4.201761180452913691e-01,5.901122043634776659e-02,1.021596573479051084e-01,7.522668372957041605e+00
3.000000000000000000e+00,-3.489318314137161425e-01,-6.402251299707346632e-01,7.646310909875442263e-02,4.880202673412725733e-02,6.469811176578299516e+00
3.000000000000000000e+00,-6.646114193116661184e-01,-6.797057028427442305e-01,-1.985764733695133399e-01,-1.443798136717902025e-01,8.124640037915186852e+00
3.000000000000000000e+00,-1.336464095310948286e-01,-2.088018084819395215e-01,2.287483268511262269e-01,1.534966958986093422e-01,5.434685099034998856e+00
3.000000000000000000e+00,-2.176712490728936744e-02,-1.021145044128844714e-01,5.516142466175100179e-04,-8.645694193735120603e-03,2.633912992043086376e+00
3.000000000000000000e+00,-3.286224110174777724e-02,-9.019638930782908348e-02,3.112263486217772823e-01,1.547190713947319551e-01,4.539047736412273437e+00
3.000000000000000000e+00,-2.911267740782278457e-01,-3.783281117022336271e-01,-4.877542160787884384e-02,-4.318058484121800600e-02,6.845902829520439603e+00
3.000000000000000000e+00,-1.706419766427683463e-02,-3.541136685509622128e-01,2.156295980452042071e-01,1.720980946732807715e-01,1.074740198404615299e+01
3.000000000000000000e+00,-1.783013122377244131e-01,-3.153851632022007800e-01,3.452280486598707787e-02,-1.958022315344052494e-02,7.326135420934989817e+00
3.000000000000000000e+00,-5.146693621885777697e-02,-1.845300290227247231e-01,-4.218085507734771478e-02,-6.974970351909443034e-02,2.401433951099978703e+00
3.000000000000000000e+00,-8.868261241595254418e-02,-1.785421086442592065e-01,2.194219439039799546e-01,7.990008793185367220e-02,5.673506118331049564e+00
3.000000000000000000e+00,-6.823732042336319581e-02,-3.030489992016792700e-01,-4.907842958594922644e-02,-9.566627257516788219e-02,3.607211622042941102e+00
3.000000000000000000e+00,-3.170595808481023736e-01,-6.750196335572954398e-01,-7.703569970719142956e-02,-1.611017342298717292e-01,6.220633742383881781e+00
3.000000000000000000e+00,-1.413642815780879192e-01,-2.892178042376640779e-01,-2.228891049216857878e-02,-5.117760822326689052e-02,4.734990024706851486e+00
3.000000000000000000e+00,-5.181789285168679760e-01,-5.695086581741424236e-01,6.894728337037869803e-02,3.456504066045640311e-03,8.474136469457739906e+00
3.000000000000000000e+00,-1.517251180107710706e-01,-7.891585949548001189e-01,2.185475005655403979e-01,2.491507933463940616e-01,7.618225981458873974e+00
3.000000000000000000e+00,-2.369073827262608428e-02,-1.055014011660187212e-01,-1.285382973569892603e-02,-2.739215744121457907e-02,4.653916071469922144e+00
3.000000000000000000e+00,-1.764354961615339779e-01,-3.280338710570263050e-01,1.340325883759065917e-01,2.626380648798466444e-01,7.422617173408270652e+00
3.000000000000000000e+00,2.315469758503645517e-02,3.033696318724861396e-03,2.873284106818425887e-02,1.993765151033718291e-02,2.284257428754007613e+00
3.000000000000000000e+00,-3.320803564188634094e-01,-3.543874149428890563e-01,-1.709071771107528170e-01,-1.426726495109179593e-01,6.323913016953241595e+00
3.000000000000000000e+00,-3.685138228576380626e-01,-5.070769046799241675e-01,2.827003434815140714e-01,2.233995630564017398e-01,7.128061467906966264e+00
3.000000000000000000e+00,-2.811734846122908582e-01,-3.224982222762383666e-01,2.575957582407800706e-01,2.335830512934548575e-01,4.706939319615647044e+00
3.000000000000000000e+00,-3.392525672972560025e-02,-4.236606045464300779e-02,-3.225418866497164333e-02,-3.194819953942204527e-02,1.262568490256171572e+00
3.000000000000000000e+00,4.524966062089379876e-02,-1.521236047999313667e-01,3.258237777361270293e-01,1.012696683301646805e-01,4.329311065972749617e+00
3.000000000000000000e+00,-6.154905424501313366e-02,-1.633437904473686864e-01,1.827518549132650105e-01,3.983958753064469338e-01,9.148256922941074620e+00
6.000000000000000000e+00,5.134586183471035598e-02,-9.573265545499451967e-01,5.531739406907091317e-01,2.217965997808982737e-01,1.141105030883129778e+01
6.000000000000000000e+00,-1.131296117211503804e-01,-1.284680584303286688e+00,-7.459827891575906977e-02,-2.009603399623656195e-01,7.829786011990851335e+00
6.000000000000000000e+00,-1.933015323415181674e+00,-3.520915845671050093e+00,-1.348359693250986702e-01,-3.066970848966387719e-01,1.889950920335492057e+01
6.000000000000000000e+00,-1.992925478364267589e+00,-2.242538867830150551e+00,4.627961625078271801e-01,3.416968503523893919e-01,1.056813272838636841e+01
6.000000000000000000e+00,-2.495865367225312159e+00,-2.698262818677160446e+00,-9.198067650149537311e-01,-3.877399719560590263e-01,1.902257905631336854e+01
6.000000000000000000e+00,-9.064006168831406640e-01,-1.224122384754789961e+00,9.291788618760710161e-01,2.692258472079981368e-01,1.123433536350279915e+01
6.000000000000000000e+00,-4.859445737063102649e-02,-6.699209912131283140e-01,-2.055177905533682459e-02,-6.679417157020434148e-02,7.665010101129419162e+00
6.000000000000000000e+00,-5.849580248934160842e-01,-1.663591466403621766e+00,2.757602229559387164e-01,5.725000104322844896e-01,1.418694895341073980e+01
6.000000000000000000e+00,-1.333481798415369068e-01,-7.651585959408737647e-01,7.809922071498485163e-01,1.210230530304228225e-01,1.022878261855459137e+01
6.000000000000000000e+00,-3.180268023523104282e-02,-1.131780282307245589e+00,2.491949606079867929e-01,5.065817954121855093e-01,1.827691924958844893e+01
6.000000000000000000e+00,-5.975514530011603875e-02,-7.858376440289146503e-01,5.117693237346392365e-01,2.724563271998462488e-01,1.294240828854991143e+01
6.000000000000000000e+00,-9.333294214781802101e-01,-2.353991245834725632e+00,4.855213570099774500e-01,1.593445105024254571e-01,1.309203958774644150e+01
6.000000000000000000e+00,-4.516107813320170972e-01,-2.383678727712680079e+00,-1.579274832851162436e-01,-3.797957811534236061e-01,1.136550258520073164e+01
6.000000000000000000e+00,-1.598032725910946139e+00,-1.762303320481311220e+00,-5.335944023968095529e-01,-2.749336591108412220e-01,1.117562153825949167e+01
6.000000000000000000e+00,-1.710150040348578093e+00,-2.627758602093052342e+00,-1.111230208712242096e+00,-5.580631311412582729e-01,1.355111314723393434e+01
6.000000000000000000e+00,-1.131340043570575604e+00,-1.229938052467690834e+00,4.019796219803677406e-01,2.164624584123568951e-01,1.484909967321787150e+01
6.000000000000000000e+00,-2.872565887585505351e-01,-1.683866295958379444e+00,-1.714120638192124790e-01,-3.310613104183497413e-01,9.002987925907168787e+00
6.000000000000000000e+00,-1.221877521247880516e+00,-2.324068727196670903e+00,8.851931101344867603e-01,1.733139527720930495e-01,1.239857146847475811e+01
6.000000000000000000e+00,-8.280429434394032118e-01,-1.218967608886579956e+00,1.146967548471476750e+00,5.115573022462792663e-01,1.250903572588141088e+01
6.000000000000000000e+00,-1.690900416384454097e+00,-1.852893080901223843e+00,2.871144750594241124e-01,2.014061000968260240e-01,1.048310076949218406e+01
6.000000000000000000e+00,-1.801639321077126155e-01,-1.240901012767114509e+00,3.024417689509173446e-03,1.771622702530425419e-01,2.052408172797569463e+01
6.000000000000000000e+00,-1.769895060019844868e+00,-1.971854970727632939e+00,-9.816260544454260550e-01,-2.903950262214370914e-01,1.970124153632062658e+01
6.000000000000000000e+00,-1.608606283542339810e+00,-3.707168907269352331e+00,7.908660721307880781e-01,2.546031482807472601e-01,1.253199290799611276e+01
6.000000000000000000e+00,-2.227559739602632316e+00,-2.295282331965034839e+00,5.317334304863270411e-01,1.536177093356498879e-01,1.273254989797886871e+01
6.000000000000000000e+00,-1.805596046273492961e-01,-4.219980524452740522e-01,7.389965666667126509e-01,1.050517753775638274e-01,7.668447997541011141e+00
6.000000000000000000e+00,-1.959466046668352779e-01,-4.168651807582434698e-01,3.396991297889204731e-01,1.170908235925606222e-01,9.912706206481272986e+00
6.000000000000000000e+00,-1.145473076613734209e+00,-1.558933252685521520e+00,8.570981035261349135e-01,2.314328529651403787e-01,1.740090044897934973e+01
6.000000000000000000e+00,-3.832709511399221003e-01,-2.535635790491436836e+00,1.838219763163670417e-01,-8.214751970376266144e-02,1.241540739042319430e+01
6.000000000000000000e+00,-1.625837975610745056e+00,-1.701475377155200697e+00,-1.249235384481855560e+00,-3.549560776627024294e-01,1.525745101641711088e+01
6.000000000000000000e+00,-1.374477845656734365e+00,-1.840370767253296291e+00,4.897606646569589994e-01,5.735384529701981204e-02,1.388922649354010019e+01
