case,R_TST,R_OD,exact_g1,exact_g2,exact_g4,exact_g8,exact_g16,exact_g32,exact_g64,exact_g128,KL_g1,KL_g2,KL_g4,KL_g8,KL_g16,KL_g32,KL_g64,KL_g128
0.000000000000000000e+00,6.681317695815915947e-01,6.034520253648938404e-01,6.084867840651351223e-01,6.137425901757225244e-01,6.147901237621820059e-01,6.116503991832222820e-01,6.067939396821775411e-01,6.036094685385888781e-01,6.024268014012209571e-01,6.020910262904747290e-01,6.619534319434700054e-01,6.559261878668456447e-01,6.448270817182187864e-01,6.280802644163642201e-01,6.121302235574255235e-01,6.039412973163280629e-01,6.012637045995102847e-01,6.005401867783852765e-01
1.000000000000000000e+00,-1.515593346271778552e+00,-1.413601026232834013e+00,-1.422812640921619076e+00,-1.440039879998409544e+00,-1.442204624831151749e+00,-1.433949106723433120e+00,-1.421558263006826417e+00,-1.412805427308737150e+00,-1.409369470500821286e+00,-1.408373350047432027e+00,-1.507238743509266232e+00,-1.499057947377440358e+00,-1.483811585778634923e+00,-1.459963163798612573e+00,-1.435616136800890397e+00,-1.422181568142102837e+00,-1.417611507931081150e+00,-1.416359867699675368e+00
2.000000000000000000e+00,-2.167512586871779501e+00,-2.016661479586442596e+00,-2.036530987782178226e+00,-2.057824799769893076e+00,-2.059229274614880811e+00,-2.046606375354650620e+00,-2.027997903868113294e+00,-2.014730926501099528e+00,-2.009501755969025361e+00,-2.007985746353115886e+00,-2.155400518191958437e+00,-2.143529723246607510e+00,-2.121341411233174767e+00,-2.086313752207911598e+00,-2.049861202589617015e+00,-2.029300561011542658e+00,-2.022214052292570230e+00,-2.020264091770405557e+00
3.000000000000000000e+00,1.620572562933656258e+00,1.489694995215926632e+00,1.517566578545032296e+00,1.534395106688237309e+00,1.536429870036618794e+00,1.523954730778523059e+00,1.505771549718573521e+00,1.493917760557695651e+00,1.489479296975894096e+00,1.488214219739873556e+00,1.608396014935897345e+00,1.596536897247170295e+00,1.574812082099834143e+00,1.542519675169236271e+00,1.512565736547002215e+00,1.497562409472447564e+00,1.492717071033035969e+00,1.491413059770349880e+00
4.000000000000000000e+00,-2.001403965000501939e-01,-1.882039500227468964e-01,-1.926370898202038051e-01,-1.951269775277051644e-01,-1.951139970777553967e-01,-1.931424932388917381e-01,-1.904057996129802921e-01,-1.885605521096909154e-01,-1.878528336769839935e-01,-1.876494455329440758e-01,-1.991898920580977006e-01,-1.982608861351924379e-01,-1.965398419076067327e-01,-1.938965683429008380e-01,-1.912943168954341355e-01,-1.899134529838317764e-01,-1.894539883634125399e-01,-1.893291097167030257e-01
5.000000000000000000e+00,1.810689149405892984e+00,1.476980085671018017e+00,1.474462306590955896e+00,1.486695538386286097e+00,1.490502523504174670e+00,1.487520042786899088e+00,1.481684442863377082e+00,1.477757273054545850e+00,1.476311420005292696e+00,1.475903986476459817e+00,1.781565058862295770e+00,1.753342465618916268e+00,1.702436713073753882e+00,1.629886876698235731e+00,1.567001469386806844e+00,1.537260689794057278e+00,1.527908675032630503e+00,1.525412736122560453e+00
6.000000000000000000e+00,7.430080927258374546e-01,6.988930227473818535e-01,7.343506608220795595e-01,7.395604255798050586e-01,7.367048488615856039e-01,7.253315155068671416e-01,7.108581598303009841e-01,7.016917183459424612e-01,6.982912004865799993e-01,6.973257864379485138e-01,7.394064657888607117e-01,7.358904895440273597e-01,7.294016380321213244e-01,7.195478905129071290e-01,7.100520164044671345e-01,7.051205940768855429e-01,7.034985313061975498e-01,7.030593702905969522e-01
7.000000000000000000e+00,-6.918615320714673889e-01,-6.434808346756788477e-01,-6.536485682837760436e-01,-6.610132897910895311e-01,-6.613694540315856463e-01,-6.562525025568213266e-01,-6.488915721529253666e-01,-6.438358554574583614e-01,-6.418848488337850489e-01,-6.413232694634986020e-01,-6.878425542129252834e-01,-6.839114086765043510e-01,-6.766104028691914962e-01,-6.653115433214671359e-01,-6.540219763666226260e-01,-6.479372814221308063e-01,-6.458951713724033761e-01,-6.453385069462340695e-01
8.000000000000000000e+00,-1.192162176240358473e+00,-1.039229431960468464e+00,-1.037957284251709522e+00,-1.046898806589360076e+00,-1.048836635376816151e+00,-1.045785012179299978e+00,-1.040675572130178583e+00,-1.037078759828768959e+00,-1.035703957018161869e+00,-1.035311203120092838e+00,-1.178675241255804140e+00,-1.165452692130898749e+00,-1.140711645617614289e+00,-1.101523202750980479e+00,-1.060448374650291958e+00,-1.037084829998911495e+00,-1.028990512045035111e+00,-1.026759049250921763e+00
9.000000000000000000e+00,-1.775251483594856960e+00,-1.637370676607742936e+00,-1.653322439925753784e+00,-1.669126461095955971e+00,-1.670351504208126503e+00,-1.660574747779534510e+00,-1.646026475254642074e+00,-1.635735022069888966e+00,-1.631710807538092833e+00,-1.630547963425829527e+00,-1.763953480262983042e+00,-1.752882673033034466e+00,-1.732202681014759493e+00,-1.699620910782639660e+00,-1.665855767126837472e+00,-1.646903700382661206e+00,-1.640390947593826976e+00,-1.638600779852867007e+00
1.000000000000000000e+01,7.020219222055152919e-01,6.329715118542509344e-01,6.370229214755106506e-01,6.440058607323827511e-01,6.454423299280380721e-01,6.421498349729679589e-01,6.368609440930006471e-01,6.332734005238268571e-01,6.319175889243200395e-01,6.315306791181543034e-01,6.954595642217419327e-01,6.890583570218253850e-01,6.772744840253991372e-01,6.595114816858418383e-01,6.426228602223434949e-01,6.339664529780018043e-01,6.311384127397784427e-01,6.303744556373097607e-01
1.100000000000000000e+01,-1.737304190874332743e+00,-1.576068959477701759e+00,-1.577879576580269783e+00,-1.592273703515193928e+00,-1.595018245934716639e+00,-1.589201783758262820e+00,-1.579686864094326681e+00,-1.572879483948085966e+00,-1.570237352406833597e+00,-1.569477472253986594e+00,-1.723964382007833862e+00,-1.710886525231199995e+00,-1.686418968903579119e+00,-1.647677572772537236e+00,-1.607102449557519241e+00,-1.584044144654227271e+00,-1.576060077283297334e+00,-1.573859461052111053e+00
1.200000000000000000e+01,-1.732747704268820188e+00,-1.507340289213617179e+00,-1.502413798573027925e+00,-1.514851147854991753e+00,-1.517735771581673276e+00,-1.514108828349179037e+00,-1.507876049913558392e+00,-1.503409983050368437e+00,-1.501686022632830575e+00,-1.501191873960769474e+00,-1.713502749498917455e+00,-1.694610217581846934e+00,-1.659107057355610593e+00,-1.602085907247458474e+00,-1.540463844252514480e+00,-1.504068796247866935e+00,-1.491151790369530161e+00,-1.487558602901801308e+00
1.300000000000000000e+01,1.477753179364703406e+00,1.357551069443819536e+00,1.377148360058574772e+00,1.396109364475354830e+00,1.399015730111765166e+00,1.387944362742366877e+00,1.371676180670340361e+00,1.361041928050456873e+00,1.357051665769685611e+00,1.355913224324052591e+00,1.466581165017504462e+00,1.455697327057398072e+00,1.435741499486574257e+00,1.406004119073819281e+00,1.378300354287414375e+00,1.364369056825048387e+00,1.359861163915465632e+00,1.358647208468302781e+00
1.400000000000000000e+01,-1.550575527480254179e+00,-1.429151477291186412e+00,-1.443192334364060248e+00,-1.461014023817664542e+00,-1.462374552603354028e+00,-1.452625400367457020e+00,-1.438359616314957012e+00,-1.428397274300790887e+00,-1.424528258903092537e+00,-1.423413189121003786e+00,-1.540524667770220457e+00,-1.530678862648482186e+00,-1.512304990128538584e+00,-1.483444701090980145e+00,-1.453726587228762579e+00,-1.437168095409596225e+00,-1.431502905931508973e+00,-1.429948165847928054e+00
1.500000000000000000e+01,1.339828552081847590e+00,1.207030368843170720e+00,1.221429365167534087e+00,1.235606129309572587e+00,1.237833291623412046e+00,1.229609997223482853e+00,1.217192945476751831e+00,1.209061652274896037e+00,1.206038993198179865e+00,1.205181628254729409e+00,1.327129217602088351e+00,1.314762764730071254e+00,1.292119016245714347e+00,1.258504554848790535e+00,1.227394113924794583e+00,1.211843160569375577e+00,1.206825955996027711e+00,1.205476121420228308e+00
1.600000000000000000e+01,-5.381285049876202153e-01,-4.567540887731431631e-01,-4.325331030785314335e-01,-4.399754945818042384e-01,-4.444433507020192908e-01,-4.484285137475946814e-01,-4.521535943366351007e-01,-4.542874144081944787e-01,-4.550666111176412398e-01,-4.552876082234292854e-01,-5.307386804529662383e-01,-5.235042981060070710e-01,-5.100320474358228662e-01,-4.890086183389078522e-01,-4.676493916317369104e-01,-4.559269051477694568e-01,-4.519517715850903672e-01,-4.508642740495568124e-01
1.700000000000000000e+01,2.088678288771689040e+00,1.841904949482223053e+00,1.885123407710672883e+00,1.903398794384732584e+00,1.903979908487292150e+00,1.886884692296137311e+00,1.863061349539634204e+00,1.848136553359447376e+00,1.842695697239908448e+00,1.841162396094754961e+00,2.061245534234692478e+00,2.034647970001206563e+00,1.986596761941020528e+00,1.917829036139660381e+00,1.857843783860758879e+00,1.829331931655418408e+00,1.820346448872265599e+00,1.817946704054869134e+00
1.800000000000000000e+01,-2.161119831421070892e+00,-1.981623835095238428e+00,-1.992448795001616535e+00,-2.010319972868175764e+00,-2.012418458151254974e+00,-2.002871279032974794e+00,-1.988326593877017379e+00,-1.978027005772674762e+00,-1.974020418082336636e+00,-1.972866186576677672e+00,-2.146548319116538650e+00,-2.132258844769292505e+00,-2.105499356260558397e+00,-2.063002125977615453e+00,-2.018205618504539167e+00,-1.992551602398615840e+00,-1.983626068364252371e+00,-1.981161636782683200e+00
1.900000000000000000e+01,-2.075007296035515481e+00,-1.931003922577149590e+00,-1.952267249984641628e+00,-1.972141601239410180e+00,-1.973268626743567511e+00,-1.960760105597351810e+00,-1.942417820791703109e+00,-1.929390958134104217e+00,-1.924261077212911175e+00,-1.922773353636561877e+00,-2.063345899464127164e+00,-2.051918019527318560e+00,-2.030565016476009621e+00,-1.996893048819946559e+00,-1.961932767703674863e+00,-1.942267235985706497e+00,-1.935500414509481182e+00,-1.933639529805196711e+00
2.000000000000000000e+01,1.769999615487062583e-01,1.720012905353802968e-01,1.863062044559329888e-01,1.866624926574179666e-01,1.851187890595476226e-01,1.811473031605927986e-01,1.761974835400516581e-01,1.730219871039001267e-01,1.718327286593464565e-01,1.714940299959712977e-01,1.767103597062112397e-01,1.764273988089784251e-01,1.759037331806580784e-01,1.751019321291386044e-01,1.743172117114246134e-01,1.739033177281785192e-01,1.737660508852869323e-01,1.737287842655393655e-01
2.100000000000000000e+01,-8.155963295447234973e-01,-7.201595932739732753e-01,-7.030235452965233334e-01,-7.138766292641641753e-01,-7.180442987230017948e-01,-7.189081761721528574e-01,-7.184955196335721661e-01,-7.179381845437605714e-01,-7.177085834959163746e-01,-7.176422337823203934e-01,-8.072506187845931436e-01,-7.990785473684262064e-01,-7.838485527956053911e-01,-7.600262524899406014e-01,-7.357069830247284781e-01,-7.222884040614436785e-01,-7.177239172478152573e-01,-7.164738164220767480e-01
2.200000000000000000e+01,-7.606824525544879645e-01,-6.267282478231093190e-01,-5.987446657952691931e-01,-6.074923413370756364e-01,-6.126081111719469119e-01,-6.169714364980348753e-01,-6.209069439558657644e-01,-6.231939672193327340e-01,-6.240526499697039986e-01,-6.242992955924416831e-01,-7.484101546175683239e-01,-7.363818666740717944e-01,-7.138963994785414435e-01,-6.783857717071746229e-01,-6.413999648526214070e-01,-6.205183055984997420e-01,-6.133168921074492186e-01,-6.113348893722423405e-01
2.300000000000000000e+01,-1.369043758467388905e+00,-1.127584201886381088e+00,-1.094360126122522203e+00,-1.105741772107596166e+00,-1.111964449249080999e+00,-1.116336308963240764e+00,-1.119726577581034110e+00,-1.121534750278463832e+00,-1.122209054626829960e+00,-1.122403703332521596e+00,-1.348137663826358912e+00,-1.327606860939785749e+00,-1.288978227558675860e+00,-1.226691103873222000e+00,-1.158768319612821562e+00,-1.118183364789849144e+00,-1.103666717463945179e+00,-1.099616462359469304e+00
