x,V,nu
-1.348498999332888637e+00,5.358877342899448060e+00,4.438127721322374720e-08
-1.346097398265510448e+00,5.274468851178315099e+00,4.911818854591759555e-08
-1.343695797198132258e+00,5.190879082724454641e+00,5.431958281782936728e-08
-1.341294196130753846e+00,5.108104460753752463e+00,6.002660778145235030e-08
-1.338892595063375657e+00,5.026141414869227830e+00,6.628362048570503485e-08
-1.336490993995997467e+00,4.944986381060995306e+00,7.313839718827536042e-08
-1.334089392928619056e+00,4.864635801706278073e+00,8.064235472104340264e-08
-1.331687791861240866e+00,4.785086125569441684e+00,8.885078274590120631e-08
-1.329286190793862676e+00,4.706333807801943436e+00,9.782308629313180150e-08
-1.326884589726484265e+00,4.628375309942350135e+00,1.076230401389287655e-07
-1.324482988659106075e+00,4.551207099916373622e+00,1.183190546516673916e-07
-1.322081387591727886e+00,4.474825652036809487e+00,1.299844535262860645e-07
-1.319679786524349696e+00,4.399227447003578817e+00,1.426977633698942710e-07
-1.317278185456971507e+00,4.324408971903720200e+00,1.565430155474647395e-07
-1.314876584389593095e+00,4.250366720211376403e+00,1.716100614637745160e-07
-1.312474983322214905e+00,4.177097191787821018e+00,1.879948979288888420e-07
-1.310073382254836716e+00,4.104596892881432701e+00,2.058000072844343011e-07
-1.307671781187458304e+00,4.032862336127696068e+00,2.251347106985238691e-07
-1.305270180120080115e+00,3.961890040549231884e+00,2.461155323416698254e-07
-1.302868579052701925e+00,3.891676531555755325e+00,2.688665765833062929e-07
-1.300466977985323513e+00,3.822218340944098625e+00,2.935199227239009114e-07
-1.298065376917945324e+00,3.753512006898225728e+00,3.202160260053477179e-07
-1.295663775850567134e+00,3.685554073989198098e+00,3.491041345161037759e-07
-1.293262174783188723e+00,3.618341093175185375e+00,3.803427219067067363e-07
-1.290860573715810755e+00,3.551869621801505339e+00,4.140999277182747630e-07
-1.288458972648432344e+00,3.486136223600540873e+00,4.505540144052806188e-07
-1.286057371581054154e+00,3.421137468691834549e+00,4.898938333905698919e-07
-1.283655770513675964e+00,3.356869933582020682e+00,5.323193077047594888e-07
-1.281254169446297553e+00,3.293330201164842208e+00,5.780419243377412035e-07
-1.278852568378919363e+00,3.230514860721183101e+00,6.272852359644032593e-07
-1.276450967311541174e+00,3.168420507919015527e+00,6.802853794694982709e-07
-1.274049366244162762e+00,3.107043744813430042e+00,7.372915999837834884e-07
-1.271647765176784572e+00,3.046381179846652465e+00,7.985667922764773705e-07
-1.269246164109406383e+00,2.986429427847999474e+00,8.643880476792262798e-07
-1.266844563042027971e+00,2.927185110033906579e+00,9.350472064182930079e-07
-1.264442961974650004e+00,2.868644854007942335e+00,1.010851435908140915e-06
-1.262041360907271592e+00,2.810805293760757717e+00,1.092123801861773371e-06
-1.259639759839893181e+00,2.753663069670142960e+00,1.179203851574626693e-06
-1.257238158772515213e+00,2.697214828501009354e+00,1.272448204973493099e-06
-1.254836557705136801e+00,2.641457223405345722e+00,1.372231159756475830e-06
-1.252434956637758612e+00,2.586386913922295694e+00,1.478945300505305911e-06
-1.250033355570380422e+00,2.532000565978093753e+00,1.593002101561243536e-06
-1.247631754503002011e+00,2.478294851886094108e+00,1.714832547307661304e-06
-1.245230153435623821e+00,2.425266450346772018e+00,1.844887761155906872e-06
-1.242828552368245631e+00,2.372912046447709145e+00,1.983639624353257743e-06
-1.240426951300867220e+00,2.321228331663601985e+00,2.131581405581775098e-06
-1.238025350233489030e+00,2.270212003856269867e+00,2.289228396571829954e-06
-1.235623749166110841e+00,2.219859767274639406e+00,2.457118534567959994e-06
-1.233222148098732429e+00,2.170168332554746726e+00,2.635813045076504886e-06
-1.230820547031354462e+00,2.121134416719762772e+00,2.825897067165306918e-06
-1.228418945963976050e+00,2.072754743179941350e+00,3.027980295368937745e-06
-1.226017344896597860e+00,2.025026041732680415e+00,3.242697599741146382e-06
-1.223615743829219671e+00,1.977945048562477881e+00,3.470709644063165695e-06
-1.221214142761841259e+00,1.931508506240943612e+00,3.712703530932121152e-06
-1.218812541694463070e+00,1.885713163726815855e+00,3.969393412995923432e-06
-1.216410940627084880e+00,1.840555776365933260e+00,4.241521093340644603e-06
-1.214009339559706468e+00,1.796033105891250647e+00,4.529856646160456093e-06
-1.211607738492328279e+00,1.752141920422849442e+00,4.835199026389319589e-06
-1.209206137424950089e+00,1.708878994467913470e+00,5.158376648440396591e-06
-1.206804536357571678e+00,1.666241108920738290e+00,5.500247972842375361e-06
-1.204402935290193488e+00,1.624225051062749614e+00,5.861702086675663229e-06
-1.202001334222815299e+00,1.582827614562474894e+00,6.243659283469567788e-06
-1.199599733155436887e+00,1.542045599475553530e+00,6.647071610462985238e-06
-1.197198132088058919e+00,1.501875812244758857e+00,7.072923412797728308e-06
-1.194796531020680508e+00,1.462315065699949734e+00,7.522231893567950120e-06
-1.192394929953302318e+00,1.423360179058124286e+00,7.996047605441365970e-06
-1.189993328885924129e+00,1.385007977923383926e+00,8.495454978138744176e-06
-1.187591727818545717e+00,1.347255294286941796e+00,9.021572845120257305e-06
-1.185190126751167528e+00,1.310098966527136088e+00,9.575554913978951221e-06
-1.182788525683789338e+00,1.273535839409411619e+00,1.015859022867177267e-05
-1.180386924616410926e+00,1.237562764086325817e+00,1.077190366032633414e-05
-1.177985323549032737e+00,1.202176598097560722e+00,1.141675636980813394e-05
-1.175583722481654547e+00,1.167374205369902551e+00,1.209444622119050411e-05
-1.173182121414276136e+00,1.133152456217252801e+00,1.280630822181763557e-05
-1.170780520346898168e+00,1.099508227340641575e+00,1.355371496239590425e-05
-1.168378919279519756e+00,1.066438401828187388e+00,1.433807697482867574e-05
-1.165977318212141567e+00,1.033939869155149127e+00,1.516084316924632901e-05
-1.163575717144763377e+00,1.002009525183884975e+00,1.602350121203082494e-05
-1.161174116077384966e+00,9.706442721638697257e-01,1.692757786467717626e-05
-1.158772515010006776e+00,9.398410187317008946e-01,1.787463942849964972e-05
-1.156370913942628587e+00,9.095966799110817291e-01,1.886629205335597827e-05
-1.153969312875250175e+00,8.799081771128290930e-01,1.990418203540736535e-05
-1.151567711807871985e+00,8.507724381348826803e-01,2.098999623630063666e-05
-1.149166110740493796e+00,8.221863971622905831e-01,2.212546243135188369e-05
-1.146764509673115384e+00,7.941469947672132879e-01,2.331234958869428270e-05
-1.144362908605737195e+00,7.666511779089334455e-01,2.455246822466175880e-05
-1.141961307538359005e+00,7.396958999338428820e-01,2.584767071746724821e-05
-1.139559706470980593e+00,7.132781205754454845e-01,2.719985166504271389e-05
-1.137158105403602626e+00,6.873948059543704137e-01,2.861094820977543306e-05
-1.134756504336224214e+00,6.620429285783445694e-01,3.008294039702765510e-05
-1.132354903268846025e+00,6.372194673422258981e-01,3.161785140992837134e-05
-1.129953302201467835e+00,6.129214075279763030e-01,3.321774806659422846e-05
-1.127551701134089424e+00,5.891457408046737454e-01,3.488474113240642212e-05
-1.125150100066711234e+00,5.658894652285171301e-01,3.662098555835887351e-05
-1.122748498999333044e+00,5.431495852428123161e-01,3.842868104921111827e-05
-1.120346897931954633e+00,5.209231116779812210e-01,4.031007236315760605e-05
-1.117945296864576443e+00,4.992070617515644848e-01,4.226744974419049814e-05
-1.115543695797198254e+00,4.779984590682130330e-01,4.430314934401940265e-05
-1.113142094729819842e+00,4.572943336196900188e-01,4.641955374527366495e-05
-1.110740493662441875e+00,4.370917217848841463e-01,4.861909233708893309e-05
-1.108338892595063463e+00,4.173876663297816925e-01,5.090424186567124159e-05
-1.105937291527685051e+00,3.981792164074977047e-01,5.327752708432628367e-05
-1.103535690460307084e+00,3.794634275582596805e-01,5.574152123671144692e-05
-1.101134089392928672e+00,3.612373617093995737e-01,5.829884660392135637e-05
-1.098732488325550483e+00,3.434980871753761655e-01,6.095217530130643183e-05
-1.096330887258172293e+00,3.262426786577543592e-01,6.370422998312234787e-05
-1.093929286190793881e+00,3.094682172452166702e-01,6.655778433991077557e-05
-1.091527685123415692e+00,2.931717904135626718e-01,6.951566417047263537e-05
-1.089126084056037502e+00,2.773504920257017226e-01,7.258074816493300101e-05
-1.086724482988659091e+00,2.620014223316589064e-01,7.575596863582601730e-05
-1.084322881921280901e+00,2.471216879685766143e-01,7.904431269113945820e-05
-1.081921280853902712e+00,2.327084019607082166e-01,8.244882311511493394e-05
-1.079519679786524300e+00,2.187586837194219203e-01,8.597259946443627082e-05
-1.077118078719146332e+00,2.052696590432060986e-01,8.961879937415325066e-05
-1.074716477651767921e+00,1.922384601176526930e-01,9.339063953137977006e-05
-1.072314876584389731e+00,1.796622255154789460e-01,9.729139719506565693e-05
-1.069913275517011542e+00,1.675381001965108585e-01,1.013244114659468800e-04
-1.067511674449633130e+00,1.558632355076881304e-01,1.054930845638496983e-04
-1.065110073382254940e+00,1.446347891830704058e-01,1.098008838320769555e-04
-1.062708472314876751e+00,1.338499253438258929e-01,1.142513431201754888e-04
-1.060306871247498339e+00,1.235058144982397188e-01,1.188480643258316735e-04
-1.057905270180120150e+00,1.135996335417133046e-01,1.235947194951571748e-04
-1.055503669112741960e+00,1.041285657567589534e-01,1.284950526587253438e-04
-1.053102068045363549e+00,9.508980081300567877e-02,1.335528818163210518e-04
-1.050700466977985359e+00,8.648053476719691490e-02,1.387721012178139482e-04
-1.048298865910607169e+00,7.829797006319051678e-02,1.441566835008253487e-04
-1.045897264843228758e+00,7.053931553195673387e-02,1.497106819280435758e-04
-1.043495663775850790e+00,6.320178639158473277e-02,1.554382331043046965e-04
-1.041094062708472379e+00,5.628260424727257044e-02,1.613435596683840823e-04
-1.038692461641094189e+00,4.977899709133788014e-02,1.674309726299202765e-04
-1.036290860573715999e+00,4.368819930320966965e-02,1.737048744287601428e-04
-1.033889259506337588e+00,3.800745164943210991e-02,1.801697622103885712e-04
-1.031487658438959398e+00,3.273400128366485418e-02,1.868302306143991847e-04
-1.029086057371581209e+00,2.786510174668075171e-02,1.936909751733409467e-04
-1.026684456304202797e+00,2.339801296636748879e-02,2.007567958218043301e-04
-1.024282855236824608e+00,1.933000125772798422e-02,2.080326001311664987e-04
-1.021881254169446418e+00,1.565833932287881078e-02,2.155234075453826034e-04
-1.019479653102068006e+00,1.238030625105080058e-02,2.232343531998310878e-04
-1.017078052034690039e+00,9.493187518590710458e-03,2.311706916773533026e-04
-1.014676450967311627e+00,6.994274988957600685e-03,2.393378014912975139e-04
-1.012274849899933438e+00,4.880866912726959314e-03,2.477411893888246085e-04
-1.009873248832555248e+00,3.150267927587843339e-03,2.563864949661190840e-04
-1.007471647765176836e+00,1.799789058343753212e-03,2.652794954180548795e-04
-1.005070046697798647e+00,8.267477169131289775e-04,2.744261106158966284e-04
-1.002668445630420457e+00,2.284677023285218845e-04,2.838324081650967488e-04
-1.000266844563042046e+00,2.279200737030282435e-06,2.935046083752247507e-04
-9.978652434956638562e-01,1.455187854003016238e-04,3.034490909571096432e-04
-9.954636424282856666e-01,6.555294166943898947e-04,3.136723999569015564e-04
-9.930620413609073660e-01,1.529660442109937379e-03,3.241812494223405747e-04
-9.906604402935290654e-01,2.765267596251971913e-03,3.349825301767022354e-04
-9.882588392261508758e-01,4.359713000839940400e-03,3.460833158316715388e-04
-9.858572381587725753e-01,6.310365164708003384e-03,3.574908702429576866e-04
-9.834556370913943857e-01,8.614598983804469534e-03,3.692126535888275922e-04
-9.810540360240160851e-01,1.126979574119259600e-02,3.812563296558660374e-04
-9.786524349566378955e-01,1.427334310704953500e-02,3.936297737728742196e-04
-9.762508338892595949e-01,1.762263513866741890e-02,4.063410798887500796e-04
-9.738492328218812943e-01,2.131507228045268626e-02,4.193985686316435333e-04
-9.714476317545031048e-01,2.534806136392605755e-02,4.328107958285536084e-04
-9.690460306871248042e-01,2.971901560772310241e-02,4.465865605968266194e-04
-9.666444296197466146e-01,3.442535461759346771e-02,4.607349143606233191e-04
-9.642428285523683140e-01,3.946450438640170671e-02,4.752651698217693829e-04
-9.618412274849901245e-01,4.483389729412640134e-02,4.901869102672796151e-04
-9.594396264176118239e-01,5.053097210786124810e-02,5.055099994790224552e-04
-9.570380253502336343e-01,5.655317398181362865e-02,5.212445913055619405e-04
-9.546364242828553337e-01,6.289795445730608781e-02,5.374011404597463324e-04
-9.522348232154770331e-01,6.956277146277521639e-02,5.539904131926053207e-04
-9.498332221480988435e-01,7.654508931377207448e-02,5.710234982975041004e-04
-9.474316210807205429e-01,8.384237871296287836e-02,5.885118182152722323e-04
-9.450300200133423534e-01,9.145211675012708541e-02,6.064671408400818583e-04
-9.426284189459640528e-01,9.937178690216012800e-02,6.249015925083940999e-04
-9.402268178785858632e-01,1.075988790330705408e-01,6.438276693874339651e-04
-9.378252168112075626e-01,1.161308893939823894e-01,6.632582510286576163e-04
-9.354236157438293731e-01,1.249653206231333274e-01,6.832066137914667671e-04
-9.330220146764510725e-01,1.340996817458766088e-01,7.036864445671035329e-04
-9.306204136090727719e-01,1.435314881746788951e-01,7.247118555126625099e-04
-9.282188125416945823e-01,1.532582617091214350e-01,7.462973978775338038e-04
-9.258172114743162817e-01,1.632775305359008000e-01,7.684580774689672971e-04
-9.234156104069380921e-01,1.735868292288269554e-01,7.912093708387075812e-04
-9.210140093395597916e-01,1.841836987488253974e-01,8.145672413819668055e-04
-9.186124082721816020e-01,1.950656864439350713e-01,8.385481558710837762e-04
-9.162108072048033014e-01,2.062303460493107865e-01,8.631691014118953766e-04
-9.138092061374250008e-01,2.176752376872206629e-01,8.884476035180798037e-04
-9.114076050700468112e-01,2.293979278670464916e-01,9.144017452009038215e-04
-9.090060040026685106e-01,2.413959894852874266e-01,9.410501847969121722e-04
-9.066044029352903211e-01,2.536670018255537951e-01,9.684121760485386865e-04
-9.042028018679120205e-01,2.662085505585728984e-01,9.965075883955380135e-04
-9.018012008005338309e-01,2.790182277421852652e-01,1.025356927509045316e-03
-8.993995997331555303e-01,2.920936318213465110e-01,1.054981357388741839e-03
-8.969979986657772297e-01,3.054323676281261446e-01,1.085402722289065649e-03
-8.945963975983990402e-01,3.190320463817080676e-01,1.116643569308622009e-03
-8.921947965310207396e-01,3.328902856883920736e-01,1.148727172321545916e-03
-8.897931954636425500e-01,3.470047095415900174e-01,1.181677556503915550e-03
-8.873915943962642494e-01,3.613729483218310334e-01,1.215519523082431294e-03
-8.849899933288860598e-01,3.759926387967558181e-01,1.250278675959651167e-03
-8.825883922615077593e-01,3.908614241211229579e-01,1.285981448191678275e-03
-8.801867911941295697e-01,4.059769538368013242e-01,1.322655129329651210e-03
-8.777851901267512691e-01,4.213368838727789001e-01,1.360327894763422142e-03
-8.753835890593729685e-01,4.369388765451546197e-01,1.399028834637707115e-03
-8.729819879919947789e-01,4.527806005571422543e-01,1.438787984013342996e-03
-8.705803869246164783e-01,4.688597309990730211e-01,1.479636355004281499e-03
-8.681787858572382888e-01,4.851739493483878118e-01,1.521605968627138226e-03
-8.657771847898599882e-01,5.017209434696473513e-01,1.564729888367329298e-03
-8.633755837224817986e-01,5.184984076145219278e-01,1.609042254426080445e-03
-8.609739826551034980e-01,5.355040424218003858e-01,1.654578319662544563e-03
-8.585723815877253084e-01,5.527355549173823546e-01,1.701374486553877121e-03
-8.561707805203470079e-01,5.701906585142856310e-01,1.749468344159939379e-03
-8.537691794529687073e-01,5.878670730126401844e-01,1.798898707312982653e-03
-8.513675783855905177e-01,6.057625245996896002e-01,1.849705657740170154e-03
-8.489659773182122171e-01,6.238747458497946319e-01,1.901930585347239022e-03
-8.465643762508340275e-01,6.422014757244282057e-01,1.955616230602705199e-03
-8.441627751834557269e-01,6.607404595721806384e-01,2.010806728921445737e-03
-8.417611741160775374e-01,6.794894491287519767e-01,2.067547656885441749e-03
-8.393595730486992368e-01,6.984462025169617672e-01,2.125886079031727785e-03
-8.369579719813209362e-01,7.176084842467416181e-01,2.185870595857891587e-03
-8.345563709139427466e-01,7.369740652151360871e-01,2.247551394982998975e-03
-8.321547698465644460e-01,7.565407227063080109e-01,2.310980302066908618e-03
-8.297531687791862565e-01,7.763062403915306220e-01,2.376210833871263400e-03
-8.273515677118079559e-01,7.962684083291963200e-01,2.443298254323830656e-03
-8.249499666444297663e-01,8.164250229648059021e-01,2.512299630293876075e-03
-8.225483655770514657e-01,8.367738871309816640e-01,2.583273889646723991e-03
-8.201467645096731651e-01,8.573128100474548541e-01,2.656281882849397240e-03
-8.177451634422949756e-01,8.780396073210720020e-01,2.731386443990371088e-03
-8.153435623749166750e-01,8.989521009457976941e-01,2.808652455103072439e-03
-8.129419613075384854e-01,9.200481193027066906e-01,2.888146912887001958e-03
-8.105403602401601848e-01,9.413254971599913645e-01,2.969938995495169029e-03
-8.081387591727819952e-01,9.627820756729559282e-01,3.054100133824384430e-03
-8.057371581054036946e-01,9.844157023840223175e-01,3.140704083024763518e-03
-8.033355570380255051e-01,1.006224231222722754e+00,3.229826997450479728e-03
-8.009339559706472045e-01,1.028205522505708513e+00,3.321547508282964110e-03
-7.985323549032690149e-01,1.050357442936741492e+00,3.415946800784732361e-03
-7.961307538358906033e-01,1.072677865606701975e+00,3.513108696926011722e-03
-7.937291527685124137e-01,1.095164669993578643e+00,3.613119739664356379e-03
-7.913275517011342242e-01,1.117815741962480125e+00,3.716069279604026360e-03
-7.889259506337560346e-01,1.140628973765628329e+00,3.822049563934598777e-03
-7.865243495663776230e-01,1.163602264042361556e+00,3.931155826910330553e-03
-7.841227484989994334e-01,1.186733517819125616e+00,4.043486386026510886e-03
-7.817211474316212438e-01,1.210020646509486486e+00,4.159142739302364340e-03
-7.793195463642428322e-01,1.233461567914127865e+00,4.278229665237963386e-03
-7.769179452968646427e-01,1.257054206220836967e+00,4.400855325678185333e-03
-7.745163442294864531e-01,1.280796492004525389e+00,4.527131372630757190e-03
-7.721147431621082635e-01,1.304686362227216456e+00,4.657173057489253504e-03
-7.697131420947298519e-01,1.328721760238048555e+00,4.791099343398720102e-03
-7.673115410273516623e-01,1.352900635773268911e+00,4.929033021814431537e-03
-7.649099399599734728e-01,1.377220944956246917e+00,5.071100830568668789e-03
-7.625083388925950612e-01,1.401680650297465691e+00,5.217433577236240197e-03
-7.601067378252168716e-01,1.426277720694514528e+00,5.368166265590093925e-03
-7.577051367578386820e-01,1.451010131432106665e+00,5.523438224807481096e-03
-7.553035356904604924e-01,1.475875864182065067e+00,5.683393242775270499e-03
-7.529019346230820808e-01,1.500872907003331758e+00,5.848179703685964757e-03
-7.505003335557038913e-01,1.525999254341954714e+00,6.017950729244647516e-03
-7.480987324883257017e-01,1.551252907031104522e+00,6.192864323406000078e-03
-7.456971314209475121e-01,1.576631872291061942e+00,6.373083521564411325e-03
-7.432955303535691005e-01,1.602134163729227012e+00,6.558776543728424800e-03
-7.408939292861909109e-01,1.627757801340105503e+00,6.750116951597883407e-03
-7.384923282188127214e-01,1.653500811505325574e+00,6.947283810557743598e-03
-7.360907271514343098e-01,1.679361226993629108e+00,7.150461856073710501e-03
-7.336891260840561202e-01,1.705337086960865944e+00,7.359841663789711344e-03
-7.312875250166779306e-01,1.731426436950007419e+00,7.575619824824917151e-03
-7.288859239492997411e-01,1.757627328891137930e+00,7.797999125751318115e-03
-7.264843228819213294e-01,1.783937821101456933e+00,8.027188733123294048e-03
-7.240827218145431399e-01,1.810355978285272061e+00,8.263404382960262695e-03
-7.216811207471649503e-01,1.836879871534012443e+00,8.506868575009747177e-03
-7.192795196797865387e-01,1.863507578326221825e+00,8.757810772326816637e-03
-7.168779186124083491e-01,1.890237182527552129e+00,9.016467605998487733e-03
-7.144763175450301596e-01,1.917066774390774553e+00,9.283083084750240813e-03
-7.120747164776519700e-01,1.943994450555775133e+00,9.557908810150063730e-03
-7.096731154102735584e-01,1.971018314049555409e+00,9.841204197016024252e-03
-7.072715143428953688e-01,1.998136474286223763e+00,1.013323669974654749e-02
-7.048699132755171792e-01,2.025347047067011186e+00,1.043428204359939451e-02
-7.024683122081387676e-01,2.052648154580263284e+00,1.074462446293727308e-02
-7.000667111407605780e-01,2.080037925401431842e+00,1.106455694332145710e-02
-6.976651100733823885e-01,2.107514494493089696e+00,1.139438146982732318e-02
-6.952635090060041989e-01,2.135076003204925410e+00,1.173440928384169961e-02
-6.928619079386257873e-01,2.162720599273741051e+00,1.208496114235116381e-02
-6.904603068712475977e-01,2.190446436823447307e+00,1.244636758556054955e-02
-6.880587058038694082e-01,2.218251676365074587e+00,1.281896921012804814e-02
-6.856571047364912186e-01,2.246134484796769026e+00,1.320311694821419204e-02
-6.832555036691128070e-01,2.274093035403790708e+00,1.359917235268074016e-02
-6.808539026017346174e-01,2.302125507858507447e+00,1.400750788981833424e-02
-6.784523015343564278e-01,2.330230088220409446e+00,1.442850723841888720e-02
-6.760507004669780162e-01,2.358404968936102186e+00,1.486256559337278613e-02
-6.736490993995998267e-01,2.386648348839295330e+00,1.531008997820284406e-02
-6.712474983322216371e-01,2.414958433150823591e+00,1.577149956287698593e-02
-6.688458972648434475e-01,2.443333433478631189e+00,1.624722598879532048e-02
-6.664442961974650359e-01,2.471771567817783843e+00,1.673771370045912948e-02
-6.640426951300868463e-01,2.500271060550447011e+00,1.724342028324279616e-02
-6.616410940627086568e-01,2.528830142445913420e+00,1.776481680945662944e-02
-6.592394929953302452e-01,2.557447050660590637e+00,1.830238818905283518e-02
-6.568378919279520556e-01,2.586120028737988630e+00,1.885663352898805586e-02
-6.544362908605738660e-01,2.614847326608744194e+00,1.942806649851097980e-02
-6.520346897931956764e-01,2.643627200590604520e+00,2.001721570159487734e-02
-6.496330887258172648e-01,2.672457913388430750e+00,2.062462505647194924e-02
-6.472314876584390753e-01,2.701337734094197085e+00,2.125085418132473952e-02
-6.448298865910608857e-01,2.730264938186993451e+00,2.189647878692425539e-02
-6.424282855236824741e-01,2.759237807533029496e+00,2.256209107587750159e-02
-6.400266844563042845e-01,2.788254630385617272e+00,2.324830014993325283e-02
-6.376250833889260949e-01,2.817313701385193880e+00,2.395573242288624727e-02
-6.352234823215479054e-01,2.846413321559308152e+00,2.468503203972630469e-02
-6.328218812541694938e-01,2.875551798322623309e+00,2.543686130278061466e-02
-6.304202801867913042e-01,2.904727445476913861e+00,2.621190110515654245e-02
-6.280186791194131146e-01,2.933938583211072704e+00,2.701085136961131269e-02
-6.256170780520347030e-01,2.963183538101108905e+00,2.783443149331249478e-02
-6.232154769846565134e-01,2.992460643110137042e+00,2.868338080052194872e-02
-6.208138759172783239e-01,3.021768237588396300e+00,2.955845899976653271e-02
-6.184122748499001343e-01,3.051104667273233595e+00,3.046044664686889739e-02
-6.160106737825217227e-01,3.080468284289118230e+00,3.139014561522707192e-02
-6.136090727151435331e-01,3.109857447147622356e+00,3.234837956985611024e-02
-6.112074716477653435e-01,3.139270520747441395e+00,3.333599444825566943e-02
-6.088058705803869319e-01,3.168705876374386499e+00,3.435385894624919112e-02
-6.064042695130087424e-01,3.198161891701372550e+00,3.540286500667505498e-02
-6.040026684456305528e-01,3.227636950788440373e+00,3.648392831556002136e-02
-6.016010673782523632e-01,3.257129444082740299e+00,3.759798880255256492e-02
-5.991994663108739516e-01,3.286637768418539274e+00,3.874601114318001333e-02
-5.967978652434957620e-01,3.316160327017213305e+00,3.992898526775977980e-02
-5.943962641761175725e-01,3.345695529487258568e+00,4.114792687099358415e-02
-5.919946631087393829e-01,3.375241791824284743e+00,4.240387792693357111e-02
-5.895930620413609713e-01,3.404797536411016790e+00,4.369790720765670544e-02
-5.871914609739827817e-01,3.434361192017288289e+00,4.503111080115661941e-02
-5.847898599066045922e-01,3.463931193800052988e+00,4.640461263398842906e-02
-5.823882588392261805e-01,3.493505983303379914e+00,4.781956499440726677e-02
-5.799866577718479910e-01,3.523084008458447602e+00,4.927714905726915395e-02
-5.775850567044698014e-01,3.552663723583551203e+00,5.077857540969266115e-02
-5.751834556370916118e-01,3.582243589384102922e+00,5.232508457549325809e-02
-5.727818545697132002e-01,3.611822072952629803e+00,5.391794754180410237e-02
-5.703802535023350107e-01,3.641397647768763512e+00,5.555846628268400894e-02
-5.679786524349568211e-01,3.670968793699265209e+00,5.724797428202662436e-02
-5.655770513675784095e-01,3.700533996998000230e+00,5.898783705527235049e-02
-5.631754503002002199e-01,3.730091750305950082e+00,6.077945266672648422e-02
-5.607738492328220303e-01,3.759640552651211109e+00,6.262425224507336963e-02
-5.583722481654438408e-01,3.789178909448998933e+00,6.452370049395067531e-02
-5.559706470980654291e-01,3.818705332501638239e+00,6.647929619779194277e-02
-5.535690460306872396e-01,3.848218339998565440e+00,6.849257272321841727e-02
-5.511674449633090500e-01,3.877716456516339782e+00,7.056509851251922816e-02
-5.487658438959306384e-01,3.907198213018630462e+00,7.269847757057719406e-02
-5.463642428285524488e-01,3.936662146856218847e+00,7.489434994529145517e-02
-5.439626417611742593e-01,3.966106801767004697e+00,7.715439219674544158e-02
-5.415610406937960697e-01,3.995530727876001276e+00,7.948031785836735807e-02
-5.391594396264176581e-01,4.024932481695339348e+00,8.187387788705215164e-02
-5.367578385590394685e-01,4.054310626124253858e+00,8.433686110076622777e-02
-5.343562374916612789e-01,4.083663730449105245e+00,8.687109460458068699e-02
-5.319546364242830894e-01,4.112990370343362123e+00,8.947844420270988086e-02
-5.295530353569046778e-01,4.142289127867615051e+00,9.216081479590540471e-02
-5.271514342895264882e-01,4.171558591469557875e+00,9.492015076179963207e-02
-5.247498332221482986e-01,4.200797355984008163e+00,9.775843631996466998e-02
-5.223482321547698870e-01,4.230004022632894767e+00,1.006776958777797215e-01
-5.199466310873916974e-01,4.259177199025258709e+00,1.036799943568185167e-01
-5.175450300200135079e-01,4.288315499157256738e+00,1.067674374996439440e-01
-5.151434289526353183e-01,4.317417543412164882e+00,1.099421721535609880e-01
-5.127418278852569067e-01,4.346481958560371339e+00,1.132063865316018381e-01
-5.103402268178787171e-01,4.375507377759370264e+00,1.165623104492012202e-01
-5.079386257505005275e-01,4.404492440553782195e+00,1.200122155350015485e-01
-5.055370246831221159e-01,4.433435792875337178e+00,1.235584154141300545e-01
-5.031354236157439264e-01,4.462336087042877431e+00,1.272032658628599322e-01
-5.007338225483657368e-01,4.491191981762363561e+00,1.309491649330029317e-01
-4.983322214809875472e-01,4.520002142126868350e+00,1.347985530452426584e-01
-4.959306204136091356e-01,4.548765239616582967e+00,1.387539130491126649e-01
-4.935290193462309460e-01,4.577479952098806315e+00,1.428177702479609679e-01
-4.911274182788527565e-01,4.606144963827956573e+00,1.469926923883161096e-01
-4.887258172114743449e-01,4.634758965445566758e+00,1.512812896109365368e-01
-4.863242161440961553e-01,4.663320653980279396e+00,1.556862143621792205e-01
-4.839226150767179657e-01,4.691828732847855399e+00,1.602101612665140506e-01
-4.815210140093397762e-01,4.720281911851172296e+00,1.648558669533239096e-01
-4.791194129419613645e-01,4.748678907180221564e+00,1.696261098410723478e-01
-4.767178118745831750e-01,4.777018441412100636e+00,1.745237098760297201e-01
-4.743162108072049854e-01,4.805299243511031548e+00,1.795515282216901820e-01
-4.719146097398265738e-01,4.833520048828346738e+00,1.847124669008189668e-01
-4.695130086724483842e-01,4.861679599102493476e+00,1.900094683842036003e-01
-4.671114076050701946e-01,4.889776642459033873e+00,1.954455151281516978e-01
-4.647098065376920051e-01,4.917809933410642209e+00,2.010236290573289841e-01
-4.623082054703135935e-01,4.945778232857115597e+00,2.067468709905459223e-01
-4.599066044029354039e-01,4.973680308085350887e+00,2.126183400089645958e-01
-4.575050033355572143e-01,5.001514932769372201e+00,2.186411727648762127e-01
-4.551034022681788027e-01,5.029280886970315834e+00,2.248185427286739368e-01
-4.527018012008006131e-01,5.056976957136425810e+00,2.311536593721211230e-01
-4.503002001334224236e-01,5.084601936103065434e+00,2.376497672881360546e-01
-4.478985990660442340e-01,5.112154623092716399e+00,2.443101452428270148e-01
-4.454969979986658224e-01,5.139633823714970795e+00,2.511381051592321278e-01
-4.430953969312876328e-01,5.167038349966529331e+00,2.581369910318705441e-01
-4.406937958639094433e-01,5.194367020231218213e+00,2.653101777688789964e-01
-4.382921947965312537e-01,5.221618659279971375e+00,2.726610699624229528e-01
-4.358905937291528421e-01,5.248792098270842033e+00,2.801931005819597864e-01
-4.334889926617746525e-01,5.275886174748989355e+00,2.879097295931963840e-01
-4.310873915943964629e-01,5.302899732646694453e+00,2.958144424994192945e-01
-4.286857905270180513e-01,5.329831622283354164e+00,3.039107488019481274e-01
-4.262841894596398618e-01,5.356680700365471282e+00,3.122021803802384476e-01
-4.238825883922616722e-01,5.383445829986671427e+00,3.206922897914570303e-01
-4.214809873248834826e-01,5.410125880627688844e+00,3.293846484866383428e-01
-4.190793862575050710e-01,5.436719728156380604e+00,3.382828449392831227e-01
-4.166777851901268814e-01,5.463226254827706185e+00,3.473904826915245603e-01
-4.142761841227486919e-01,5.489644349283748781e+00,3.567111783126583058e-01
-4.118745830553702802e-01,5.515972906553705535e+00,3.662485592682226954e-01
-4.094729819879920907e-01,5.542210828053881322e+00,3.760062617019178099e-01
-4.070713809206139011e-01,5.568357021587702071e+00,3.859879281274332663e-01
-4.046697798532357115e-01,5.594410401345704109e+00,3.961972050295058945e-01
-4.022681787858572999e-01,5.620369887905546591e+00,4.066377403739516172e-01
-3.998665777184791104e-01,5.646234408231991075e+00,4.173131810248366103e-01
-3.974649766511009208e-01,5.672002895676918399e+00,4.282271700714184726e-01
-3.950633755837225092e-01,5.697674289979329565e+00,4.393833440611007446e-01
-3.926617745163443196e-01,5.723247537265331530e+00,4.507853301393083267e-01
-3.902601734489661300e-01,5.748721590048149643e+00,4.624367430970701132e-01
-3.878585723815879405e-01,5.774095407228124976e+00,4.743411823243110503e-01
-3.854569713142095289e-01,5.799367954092713440e+00,4.865022286717997635e-01
-3.830553702468313393e-01,5.824538202316478674e+00,4.989234412194388235e-01
-3.806537691794531497e-01,5.849605129961108041e+00,5.116083539515260403e-01
-3.782521681120749601e-01,5.874567721475397519e+00,5.245604723409050818e-01
-3.758505670446965485e-01,5.899424967695260591e+00,5.377832698425168978e-01
-3.734489659773183590e-01,5.924175865843721134e+00,5.512801842953255482e-01
-3.710473649099401694e-01,5.948819419530920527e+00,5.650546142354259116e-01
-3.686457638425617578e-01,5.973354638754120316e+00,5.791099151206907658e-01
-3.662441627751835682e-01,5.997780539897680896e+00,5.934493954686774764e-01
-3.638425617078053786e-01,6.022096145733092598e+00,6.080763129092005004e-01
-3.614409606404271891e-01,6.046300485418952597e+00,6.229938701519789346e-01
-3.590393595730487775e-01,6.070392594500976458e+00,6.382052108735979390e-01
-3.566377585056705879e-01,6.094371514911991028e+00,6.537134155243193856e-01
-3.542361574382923983e-01,6.118236294971936218e+00,6.695214970558223122e-01
-3.518345563709139867e-01,6.141985989387874767e+00,6.856323965738049253e-01
-3.494329553035357971e-01,6.165619659253970042e+00,7.020489789193381513e-01
-3.470313542361576076e-01,6.189136372051512680e+00,7.187740281786283436e-01
-3.446297531687794180e-01,6.212535201648904604e+00,7.358102431245833186e-01
-3.422281521014010064e-01,6.235815228301657243e+00,7.531602325961284095e-01
-3.398265510340228168e-01,6.258975538652401305e+00,7.708265108168660396e-01
-3.374249499666446273e-01,6.282015225730879671e+00,7.888114926551242911e-01
-3.350233488992662156e-01,6.304933388953952722e+00,8.071174888313720208e-01
-3.326217478318880261e-01,6.327729134125590349e+00,8.257467010765355830e-01
-3.302201467645098365e-01,6.350401573436880831e+00,8.447012172448987721e-01
-3.278185456971316469e-01,6.372949825466026397e+00,8.639830063854011533e-01
-3.254169446297532353e-01,6.395373015178343223e+00,8.835939137772172991e-01
-3.230153435623750457e-01,6.417670273926261437e+00,9.035356559336982230e-01
-3.206137424949968562e-01,6.439840739449326890e+00,9.238098155795666511e-01
-3.182121414276184446e-01,6.461883555874198493e+00,9.444178366065255625e-01
-3.158105403602402550e-01,6.483797873714651772e+00,9.653610190127845936e-01
-3.134089392928620654e-01,6.505582849871570872e+00,9.866405138334133351e-01
-3.110073382254838759e-01,6.527237647632964546e+00,1.008257318063831676e+00
-3.086057371581054642e-01,6.548761436673948388e+00,1.030212269584994456e+00
-3.062041360907272747e-01,6.570153393056751945e+00,1.052506042097367756e+00
-3.038025350233490851e-01,6.591412699230723149e+00,1.075139140067184140e+00
-3.014009339559706735e-01,6.612538544032325660e+00,1.098111893692972574e+00
-2.989993328885924839e-01,6.633530122685131758e+00,1.121424453899834806e+00
-2.965977318212142944e-01,6.654386636799832111e+00,1.145076787366180682e+00
-2.941961307538361048e-01,6.675107294374228672e+00,1.169068671591115605e+00
-2.917945296864576932e-01,6.695691309793248891e+00,1.193399690010902292e+00
-2.893929286190795036e-01,6.716137903828915512e+00,1.218069227169226831e+00
-2.869913275517013140e-01,6.736446303640382105e+00,1.243076463950488764e+00
-2.845897264843231245e-01,6.756615742773909972e+00,1.268420372882909097e+00
-2.821881254169447129e-01,6.776645461162877027e+00,1.294099713519056838e+00
-2.797865243495665233e-01,6.796534705127772469e+00,1.320113027902733105e+00
-2.773849232821883337e-01,6.816282727376202999e+00,1.346458636128595732e+00
-2.749833222148099221e-01,6.835888787002891931e+00,1.373134632003113920e+00
-2.725817211474317325e-01,6.855352149489666758e+00,1.400138878814849441e+00
-2.701801200800535430e-01,6.874672086705481355e+00,1.427469005223497289e+00
-2.677785190126753534e-01,6.893847876906400884e+00,1.455122401273097221e+00
-2.653769179452969418e-01,6.912878804735602678e+00,1.483096214539372903e+00
-2.629753168779187522e-01,6.931764161223376242e+00,1.511387346420472566e+00
-2.605737158105405626e-01,6.950503243787131247e+00,1.539992448576918971e+00
-2.581721147431621510e-01,6.969095356231391314e+00,1.568907919530881490e+00
-2.557705136757839615e-01,6.987539808747786907e+00,1.598129901432533195e+00
-2.533689126084057719e-01,7.005835917915073097e+00,1.627654277001496563e+00
-2.509673115410275823e-01,7.023983006699113574e+00,1.657476666652588193e+00
-2.485657104736491707e-01,7.041980404452889530e+00,1.687592425811582642e+00
-2.461641094062709811e-01,7.059827446916490779e+00,1.717996642432011223e+00
-2.437625083388927916e-01,7.077523476217130849e+00,1.748684134719696415e+00
-2.413609072715143800e-01,7.095067840869130116e+00,1.779649449072473022e+00
-2.389593062041361904e-01,7.112459895773925567e+00,1.810886858243761388e+00
-2.365577051367580008e-01,7.129699002220069914e+00,1.842390359736276961e+00
-2.341561040693798112e-01,7.146784527883228932e+00,1.874153674436041195e+00
-2.317545030020013996e-01,7.163715846826185896e+00,1.906170245490918846e+00
-2.293529019346232101e-01,7.180492339498834475e+00,1.938433237442952484e+00
-2.269513008672450205e-01,7.197113392738184068e+00,1.970935535620304657e+00
-2.245496997998668309e-01,7.213578399768357130e+00,2.003669745796337498e+00
-2.221480987324884193e-01,7.229886760200598950e+00,2.036628194122042768e+00
-2.197464976651102297e-01,7.246037880033255441e+00,2.069802927337805354e+00
-2.173448965977320402e-01,7.262031171651799788e+00,2.103185713271385371e+00
-2.149432955303536286e-01,7.277866053828812021e+00,2.136768041625754400e+00
-2.125416944629754390e-01,7.293541951723988781e+00,2.170541125064847865e+00
-2.101400933955972494e-01,7.309058296884141548e+00,2.204495900600416114e+00
-2.077384923282190599e-01,7.324414527243194861e+00,2.238623031286336218e+00
-2.053368912608406482e-01,7.339610087122192539e+00,2.272912908222529005e+00
-2.029352901934624587e-01,7.354644427229284354e+00,2.307355652874430341e+00
-2.005336891260842691e-01,7.369517004659742909e+00,2.341941119711538288e+00
-1.981320880587058575e-01,7.384227282895951205e+00,2.376658899166824934e+00
-1.957304869913276679e-01,7.398774731807406191e+00,2.411498320921726446e+00
-1.933288859239494784e-01,7.413158827650721427e+00,2.446448457517842012e+00
-1.909272848565712888e-01,7.427379053069623538e+00,2.481498128297833894e+00
-1.885256837891928772e-01,7.441434897094955758e+00,2.516635903677513220e+00
-1.861240827218146876e-01,7.455325855144672609e+00,2.551850109749218554e+00
-1.837224816544364980e-01,7.469051429023844335e+00,2.587128833217573476e+00
-1.813208805870580864e-01,7.482611126924656020e+00,2.622459926668638364e+00
-1.789192795196798969e-01,7.496004463426406694e+00,2.657831014169918404e+00
-1.765176784523017073e-01,7.509230959495512892e+00,2.693229497202729750e+00
-1.741160773849235177e-01,7.522290142485499764e+00,2.728642560924482208e+00
-1.717144763175451061e-01,7.535181546137012631e+00,2.764057180758692667e+00
-1.693128752501669165e-01,7.547904710577807208e+00,2.799460129310900047e+00
-1.669112741827887270e-01,7.560459182322756710e+00,2.834837983607243928e+00
-1.645096731154103153e-01,7.572844514273848304e+00,2.870177132652353968e+00
-1.621080720480321258e-01,7.585060265720178663e+00,2.905463785303135538e+00
-1.597064709806539362e-01,7.597106002337968178e+00,2.940683978451672509e+00
-1.573048699132757466e-01,7.608981296190542309e+00,2.975823585514918879e+00
-1.549032688458973350e-01,7.620685725728350235e+00,3.010868325224973496e+00
-1.525016677785191455e-01,7.632218875788946200e+00,3.045803770711855485e+00
-1.501000667111409559e-01,7.643580337597004615e+00,3.080615358873900256e+00
-1.476984656437625443e-01,7.654769708764315617e+00,3.115288400027853122e+00
-1.452968645763843547e-01,7.665786593289777073e+00,3.149808087831119874e+00
-1.428952635090061651e-01,7.676630601559409683e+00,3.184159509468031946e+00
-1.404936624416279756e-01,7.687301350346342765e+00,3.218327656090290478e+00
-1.380920613742495640e-01,7.697798462810822251e+00,3.252297433502655100e+00
-1.356904603068713744e-01,7.708121568500208909e+00,3.286053673085651550e+00
-1.332888592394931848e-01,7.718270303348975681e+00,3.319581142941956831e+00
-1.308872581721149952e-01,7.728244309678713897e+00,3.352864559257451749e+00
-1.284856571047365836e-01,7.738043236198125285e+00,3.385888597865819971e+00
-1.260840560373583941e-01,7.747666738003028186e+00,3.418637906004068139e+00
-1.236824549699802045e-01,7.757114476576355777e+00,3.451097114246831854e+00
-1.212808539026017929e-01,7.766386119788154296e+00,3.483250848606604944e+00
-1.188792528352236033e-01,7.775481341895586596e+00,3.515083742787621368e+00
-1.164776517678454137e-01,7.784399823542925922e+00,3.546580450579049248e+00
-1.140760507004672242e-01,7.793141251761566579e+00,3.577725658373588580e+00
-1.116744496330888126e-01,7.801705319970012376e+00,3.608504097798071797e+00
-1.092728485657106230e-01,7.810091727973880182e+00,3.638900558440277599e+00
-1.068712474983324334e-01,7.818300181965905260e+00,3.668899900658021185e+00
-1.044696464309540218e-01,7.826330394525937706e+00,3.698487068454792137e+00
-1.020680453635758322e-01,7.834182084620937125e+00,3.727647102406107305e+00
-9.966644429619764267e-02,7.841854977604984178e+00,3.756365152621798487e+00
-9.726484322881945310e-02,7.849348805219268144e+00,3.784626491727115294e+00
-9.486324216144104149e-02,7.856663305592098467e+00,3.812416527847452219e+00
-9.246164109406285192e-02,7.863798223238891438e+00,3.839720817579504786e+00
-9.006004002668466235e-02,7.870753309062185288e+00,3.866525078932860460e+00
-8.765843895930625074e-02,7.877528320351629532e+00,3.892815204225549941e+00
-8.525683789192806117e-02,7.884123020783988522e+00,3.918577272915553245e+00
-8.285523682454987160e-02,7.890537180423139674e+00,3.943797564353164198e+00
-8.045363575717168203e-02,7.896770575720077012e+00,3.968462570436473769e+00
-7.805203468979327042e-02,7.902822989512909402e+00,3.992559008153045763e+00
-7.565043362241508085e-02,7.908694211026855214e+00,4.016073831991120890e+00
-7.324883255503689128e-02,7.914384035874255652e+00,4.038994246203770899e+00
-7.084723148765870171e-02,7.919892266054559649e+00,4.061307716908975074e+00
-6.844563042028029010e-02,7.925218709954331864e+00,4.083001984009108298e+00
-6.604402935290210053e-02,7.930363182347253570e+00,4.104065072913845924e+00
-6.364242828552391096e-02,7.935325504394119989e+00,4.124485306049377797e+00
-6.124082721814549934e-02,7.940105503642838514e+00,4.144251314138696962e+00
-5.883922615076730978e-02,7.944703014028434040e+00,4.163352047236239528e+00
-5.643762508338912021e-02,7.949117875873043637e+00,4.181776785502385962e+00
-5.403602401601093064e-02,7.953349935885920097e+00,4.199515149701715799e+00
-5.163442294863251902e-02,7.957399047163429273e+00,4.216557111410055292e+00
-4.923282188125432945e-02,7.961265069189056298e+00,4.232893002916163105e+00
-4.683122081387613989e-02,7.964947867833391371e+00,4.248513526803507467e+00
-4.442961974649772827e-02,7.968447315354150184e+00,4.263409765198531431e+00
-4.202801867911953870e-02,7.971763290396154389e+00,4.277573188671380144e+00
-3.962641761174134913e-02,7.974895677991344911e+00,4.290995664776763086e+00
-3.722481654436315957e-02,7.977844369558775739e+00,4.303669466222361351e+00
-3.482321547698474795e-02,7.980609262904612144e+00,4.315587278652659897e+00
-3.242161440960655838e-02,7.983190262222141342e+00,4.326742208036708170e+00
-3.002001334222836881e-02,7.985587278091758279e+00,4.337127787649001753e+00
-2.761841227484995720e-02,7.987800227480974513e+00,4.346737984633184837e+00
-2.521681120747176763e-02,7.989829033744415554e+00,4.355567206138903913e+00
-2.281521014009357806e-02,7.991673626623824411e+00,4.363610305022538327e+00
-2.041360907271538849e-02,7.993333942248053603e+00,4.370862585103259867e+00
-1.801200800533697688e-02,7.994809923133075813e+00,4.377319805966812361e+00
-1.561040693795878731e-02,7.996101518181974122e+00,4.382978187309775286e+00
-1.320880587058059774e-02,7.997208682684945558e+00,4.387834412817610996e+00
-1.080720480320218613e-02,7.998131378319304652e+00,4.391885633570808523e+00
-8.405603735823996558e-03,7.998869573149478995e+00,4.395129470974132424e+00
-6.004002668445806989e-03,7.999423241627011016e+00,4.397564019204342145e+00
-3.602401601067617420e-03,7.999792364590557092e+00,4.399187847172782106e+00
-1.200800533689205807e-03,7.999976929265884884e+00,4.399999999999995914e+00
1.200800533688983762e-03,7.999976929265884884e+00,4.400000000000000355e+00
3.602401601067173331e-03,7.999792364590557092e+00,4.399187847172793653e+00
6.004002668445584945e-03,7.999423241627011016e+00,4.397564019204363461e+00
8.405603735823774514e-03,7.998869573149478995e+00,4.395129470974162622e+00
1.080720480320196408e-02,7.998131378319304652e+00,4.391885633570851155e+00
1.320880587058015365e-02,7.997208682684945558e+00,4.387834412817669616e+00
1.561040693795856527e-02,7.996101518181974122e+00,4.382978187309849005e+00
1.801200800533675483e-02,7.994809923133075813e+00,4.377319805966891408e+00
2.041360907271494440e-02,7.993333942248055379e+00,4.370862585103349574e+00
2.281521014009313397e-02,7.991673626623824411e+00,4.363610305022666225e+00
2.521681120747154559e-02,7.989829033744415554e+00,4.355567206139042469e+00
2.761841227484973516e-02,7.987800227480974513e+00,4.346737984633318064e+00
3.002001334222792472e-02,7.985587278091758279e+00,4.337127787649125210e+00
3.242161440960633634e-02,7.983190262222141342e+00,4.326742208036846726e+00
3.482321547698452591e-02,7.980609262904612144e+00,4.315587278652833980e+00
3.722481654436271548e-02,7.977844369558775739e+00,4.303669466222569184e+00
3.962641761174090504e-02,7.974895677991346687e+00,4.290995664777021545e+00
4.202801867911931666e-02,7.971763290396154389e+00,4.277573188671704330e+00
4.442961974649750623e-02,7.968447315354151961e+00,4.263409765198906243e+00
4.683122081387569580e-02,7.964947867833393147e+00,4.248513526803860074e+00
4.923282188125410741e-02,7.961265069189056298e+00,4.232893002916509495e+00
5.163442294863229698e-02,7.957399047163431050e+00,4.216557111410463854e+00
5.403602401601048655e-02,7.953349935885920097e+00,4.199515149702154559e+00
5.643762508338867612e-02,7.949117875873043637e+00,4.181776785502837157e+00
5.883922615076708773e-02,7.944703014028434040e+00,4.163352047236632103e+00
6.124082721814527730e-02,7.940105503642840290e+00,4.144251314139083320e+00
6.364242828552346687e-02,7.935325504394119989e+00,4.124485306049839650e+00
6.604402935290187848e-02,7.930363182347255346e+00,4.104065072914254486e+00
6.844563042028006805e-02,7.925218709954331864e+00,4.083001984009477781e+00
7.084723148765825762e-02,7.919892266054559649e+00,4.061307716909345444e+00
7.324883255503644719e-02,7.914384035874257428e+00,4.038994246204272720e+00
7.565043362241485880e-02,7.908694211026856991e+00,4.016073831991667120e+00
7.805203468979304837e-02,7.902822989512909402e+00,3.992559008153555133e+00
8.045363575717123794e-02,7.896770575720078789e+00,3.968462570437021331e+00
8.285523682454942751e-02,7.890537180423141450e+00,3.943797564353713980e+00
8.525683789192783912e-02,7.884123020783988522e+00,3.918577272916225152e+00
8.765843895930602869e-02,7.877528320351631308e+00,3.892815204226353742e+00
9.006004002668421826e-02,7.870753309062187064e+00,3.866525078933710002e+00
9.246164109406262988e-02,7.863798223238891438e+00,3.839720817580360990e+00
9.486324216144081944e-02,7.856663305592098467e+00,3.812416527848378589e+00
9.726484322881900901e-02,7.849348805219269920e+00,3.784626491728035003e+00
9.966644429619719858e-02,7.841854977604985955e+00,3.756365152622718639e+00
1.020680453635756102e-01,7.834182084620938902e+00,3.727647102407118496e+00
1.044696464309537998e-01,7.826330394525937706e+00,3.698487068455810434e+00
1.068712474983319893e-01,7.818300181965907036e+00,3.668899900658940449e+00
1.092728485657104009e-01,7.810091727973880182e+00,3.638900558441064526e+00
1.116744496330885905e-01,7.801705319970012376e+00,3.608504097798882260e+00
1.140760507004667801e-01,7.793141251761568356e+00,3.577725658374438567e+00
1.164776517678449697e-01,7.784399823542927699e+00,3.546580450579899235e+00
1.188792528352233813e-01,7.775481341895586596e+00,3.515083742788547738e+00
1.212808539026015708e-01,7.766386119788156073e+00,3.483250848607571282e+00
1.236824549699797604e-01,7.757114476576357553e+00,3.451097114247727582e+00
1.260840560373581720e-01,7.747666738003028186e+00,3.418637906004808880e+00
1.284856571047363616e-01,7.738043236198125285e+00,3.385888597866560712e+00
1.308872581721145512e-01,7.728244309678714785e+00,3.352864559258329269e+00
1.332888592394927407e-01,7.718270303348977457e+00,3.319581142942923169e+00
1.356904603068711523e-01,7.708121568500208909e+00,3.286053673086717364e+00
1.380920613742493419e-01,7.697798462810823139e+00,3.252297433503718693e+00
1.404936624416275315e-01,7.687301350346344542e+00,3.218327656091256372e+00
1.428952635090059431e-01,7.676630601559411460e+00,3.184159509469137728e+00
1.452968645763841327e-01,7.665786593289778850e+00,3.149808087832317138e+00
1.476984656437623222e-01,7.654769708764317393e+00,3.115288400029097460e+00
1.501000667111405118e-01,7.643580337597006391e+00,3.080615358875283150e+00
1.525016677785189234e-01,7.632218875788946200e+00,3.045803770713337411e+00
1.549032688458971130e-01,7.620685725728350235e+00,3.010868325226408793e+00
1.573048699132753026e-01,7.608981296190545862e+00,2.975823585516204073e+00
1.597064709806537142e-01,7.597106002337968178e+00,2.940683978453015879e+00
1.621080720480319037e-01,7.585060265720180439e+00,2.905463785304658764e+00
1.645096731154100933e-01,7.572844514273850081e+00,2.870177132653830565e+00
1.669112741827882829e-01,7.560459182322760263e+00,2.834837983608483825e+00
1.693128752501666945e-01,7.547904710577808984e+00,2.799460129312099088e+00
1.717144763175448841e-01,7.535181546137014408e+00,2.764057180759845522e+00
1.741160773849230736e-01,7.522290142485503317e+00,2.728642560925583549e+00
1.765176784523012632e-01,7.509230959495514668e+00,2.693229497203883493e+00
1.789192795196796748e-01,7.496004463426408471e+00,2.657831014171071260e+00
1.813208805870578644e-01,7.482611126924657796e+00,2.622459926669836960e+00
1.837224816544360539e-01,7.469051429023846111e+00,2.587128833218726331e+00
1.861240827218144656e-01,7.455325855144674385e+00,2.551850109750278150e+00
1.885256837891926551e-01,7.441434897094957535e+00,2.516635903678665631e+00
1.909272848565708447e-01,7.427379053069627091e+00,2.481498128299028938e+00
1.933288859239490343e-01,7.413158827650724980e+00,2.446448457519084130e+00
1.957304869913274459e-01,7.398774731807407967e+00,2.411498320923064487e+00
1.981320880587056354e-01,7.384227282895952982e+00,2.376658899168208272e+00
2.005336891260840471e-01,7.369517004659742909e+00,2.341941119712927843e+00
2.029352901934620146e-01,7.354644427229287906e+00,2.307355652875718199e+00
2.053368912608404262e-01,7.339610087122194315e+00,2.272912908223543305e+00
2.077384923282188378e-01,7.324414527243196638e+00,2.238623031287304332e+00
2.101400933955968053e-01,7.309058296884143324e+00,2.204495900601338043e+00
2.125416944629752170e-01,7.293541951723990557e+00,2.170541125065815979e+00
2.149432955303531845e-01,7.277866053828815573e+00,2.136768041626857961e+00
2.173448965977315961e-01,7.262031171651803341e+00,2.103185713272350377e+00
2.197464976651100077e-01,7.246037880033257217e+00,2.069802927338495024e+00
2.221480987324879752e-01,7.229886760200601614e+00,2.036628194122408253e+00
2.245496997998663868e-01,7.213578399768360683e+00,2.003669745796747392e+00
2.269513008672447985e-01,7.197113392738185844e+00,1.970935535620718104e+00
2.293529019346227660e-01,7.180492339498838028e+00,1.938433237443315749e+00
2.317545030020011776e-01,7.163715846826187672e+00,1.906170245491193516e+00
2.341561040693795892e-01,7.146784527883230709e+00,1.874153674436316308e+00
2.365577051367575567e-01,7.129699002220073467e+00,1.842390359736687522e+00
2.389593062041359683e-01,7.112459895773927343e+00,1.810886858244221242e+00
2.413609072715143800e-01,7.095067840869130116e+00,1.779649449073120726e+00
2.437625083388923475e-01,7.077523476217134402e+00,1.748684134720338346e+00
2.461641094062707591e-01,7.059827446916492555e+00,1.717996642432656929e+00
2.485657104736487266e-01,7.041980404452892195e+00,1.687592425812225905e+00
2.509673115410271382e-01,7.023983006699116238e+00,1.657476666653370900e+00
2.533689126084055498e-01,7.005835917915074873e+00,1.627654277002281047e+00
2.557705136757835174e-01,6.987539808747789571e+00,1.598129901433223088e+00
2.581721147431619290e-01,6.969095356231393090e+00,1.568907919531619344e+00
2.605737158105403406e-01,6.950503243787132135e+00,1.539992448577472528e+00
2.629753168779183081e-01,6.931764161223379794e+00,1.511387346420929978e+00
2.653769179452967197e-01,6.912878804735604454e+00,1.483096214539601831e+00
2.677785190126751313e-01,6.893847876906402661e+00,1.455122401272955113e+00
2.701801200800530989e-01,6.874672086705486684e+00,1.427469005223165999e+00
2.725817211474315105e-01,6.855352149489668534e+00,1.400138878814430221e+00
2.749833222148099221e-01,6.835888787002891931e+00,1.373134632002650735e+00
2.773849232821878896e-01,6.816282727376205663e+00,1.346458636128221809e+00
2.797865243495663012e-01,6.796534705127774245e+00,1.320113027902452663e+00
2.821881254169442688e-01,6.776645461162881467e+00,1.294099713518726880e+00
2.845897264843226804e-01,6.756615742773913524e+00,1.268420372882580693e+00
2.869913275517010920e-01,6.736446303640382993e+00,1.243076463950163690e+00
2.893929286190790595e-01,6.716137903828919065e+00,1.218069227168805835e+00
2.917945296864574711e-01,6.695691309793250667e+00,1.193399690010297665e+00
2.941961307538358827e-01,6.675107294374230449e+00,1.169068671590326902e+00
2.965977318212138503e-01,6.654386636799834776e+00,1.145076787365622462e+00
2.989993328885922619e-01,6.633530122685133534e+00,1.121424453899508844e+00
3.014009339559706735e-01,6.612538544032325660e+00,1.098111893692694574e+00
3.038025350233486410e-01,6.591412699230726702e+00,1.075139140066763588e+00
3.062041360907270526e-01,6.570153393056753721e+00,1.052506042096949423e+00
3.086057371581050202e-01,6.548761436673951053e+00,1.030212269584806828e+00
3.110073382254834318e-01,6.527237647632967210e+00,1.008257318063690233e+00
3.134089392928618434e-01,6.505582849871572648e+00,9.866405138335043734e-01
3.158105403602398109e-01,6.483797873714654436e+00,9.653610190127821511e-01
3.182121414276182225e-01,6.461883555874202045e+00,9.444178366063370467e-01
3.206137424949966341e-01,6.439840739449327778e+00,9.238098155796585775e-01
3.230153435623746017e-01,6.417670273926266766e+00,9.035356559340640414e-01
3.254169446297530133e-01,6.395373015178346776e+00,8.835939137777235608e-01
3.278185456971314249e-01,6.372949825466028173e+00,8.639830063859551545e-01
3.302201467645093924e-01,6.350401573436885272e+00,8.447012172453578494e-01
3.326217478318878040e-01,6.327729134125592125e+00,8.257467010770431770e-01
3.350233488992662156e-01,6.304933388953952722e+00,8.071174888317420582e-01
3.374249499666441832e-01,6.282015225730883223e+00,7.888114926554454787e-01
3.398265510340225948e-01,6.258975538652403081e+00,7.708265108174663371e-01
3.422281521014005623e-01,6.235815228301661683e+00,7.531602325970969680e-01
3.446297531687789739e-01,6.212535201648907268e+00,7.358102431256922094e-01
3.470313542361573855e-01,6.189136372051516233e+00,7.187740281796901609e-01
3.494329553035353531e-01,6.165619659253974483e+00,7.020489789204458209e-01
3.518345563709137647e-01,6.141985989387876543e+00,6.856323965745440008e-01
3.542361574382921763e-01,6.118236294971938882e+00,6.695214970564223878e-01
3.566377585056701438e-01,6.094371514911995469e+00,6.537134155251494994e-01
3.590393595730485554e-01,6.070392594500980010e+00,6.382052108744284968e-01
3.614409606404269670e-01,6.046300485418954374e+00,6.229938701526718248e-01
3.638425617078049346e-01,6.022096145733097039e+00,6.080763129098457620e-01
3.662441627751833462e-01,5.997780539897683560e+00,5.934493954692774409e-01
3.686457638425613137e-01,5.973354638754123869e+00,5.791099151211976936e-01
3.710473649099397253e-01,5.948819419530926744e+00,5.650546142360239887e-01
3.734489659773181369e-01,5.924175865843723798e+00,5.512801842960642906e-01
3.758505670446961044e-01,5.899424967695265032e+00,5.377832698432085667e-01
3.782521681120745161e-01,5.874567721475401072e+00,5.245604723414122317e-01
3.806537691794529277e-01,5.849605129961109817e+00,5.116083539519877821e-01
3.830553702468308952e-01,5.824538202316484004e+00,4.989234412202225855e-01
3.854569713142093068e-01,5.799367954092715216e+00,4.865022286728630796e-01
3.878585723815877184e-01,5.774095407228127641e+00,4.743411823251426074e-01
3.902601734489656859e-01,5.748721590048154084e+00,4.624367430977159854e-01
3.926617745163440976e-01,5.723247537265333307e+00,4.507853301401402724e-01
3.950633755837225092e-01,5.697674289979329565e+00,4.393833440618410413e-01
3.974649766511004767e-01,5.672002895676922840e+00,4.282271700719255669e-01
3.998665777184788883e-01,5.646234408231992852e+00,4.173131810250207407e-01
4.022681787858568558e-01,5.620369887905551920e+00,4.066377403739033225e-01
4.046697798532352675e-01,5.594410401345710326e+00,3.961972050295959891e-01
4.070713809206136791e-01,5.568357021587703848e+00,3.859879281272938223e-01
4.094729819879916466e-01,5.542210828053885763e+00,3.760062617014535147e-01
4.118745830553700582e-01,5.515972906553708199e+00,3.662485592678516588e-01
4.142761841227484698e-01,5.489644349283751446e+00,3.567111783124723989e-01
4.166777851901264373e-01,5.463226254827710626e+00,3.473904826914306909e-01
4.190793862575048490e-01,5.436719728156384157e+00,3.382828449390043457e-01
4.214809873248832606e-01,5.410125880627691508e+00,3.293846484861287505e-01
4.238825883922612281e-01,5.383445829986675868e+00,3.206922897907156234e-01
4.262841894596396397e-01,5.356680700365473946e+00,3.122021803790813732e-01
4.286857905270176072e-01,5.329831622283358605e+00,3.039107488008832014e-01
4.310873915943960188e-01,5.302899732646698894e+00,2.958144424985856280e-01
4.334889926617744305e-01,5.275886174748992019e+00,2.879097295923632172e-01
4.358905937291523980e-01,5.248792098270847362e+00,2.801931005810797126e-01
4.382921947965308096e-01,5.221618659279977592e+00,2.726610699617739164e-01
4.406937958639092212e-01,5.194367020231220877e+00,2.653101777682309592e-01
4.430953969312871887e-01,5.167038349966535549e+00,2.581369910309443405e-01
4.454969979986656003e-01,5.139633823714973460e+00,2.511381051583530533e-01
4.478985990660440120e-01,5.112154623092719063e+00,2.443101452418555974e-01
4.503002001334219795e-01,5.084601936103071651e+00,2.376497672873948697e-01
4.527018012008003911e-01,5.056976957136426698e+00,2.311536593715661780e-01
4.551034022681788027e-01,5.029280886970315834e+00,2.248185427282579085e-01
4.575050033355567702e-01,5.001514932769377531e+00,2.186411727647363246e-01
4.599066044029351819e-01,4.973680308085353552e+00,2.126183400087330033e-01
4.623082054703131494e-01,4.945778232857120926e+00,2.067468709901751078e-01
4.647098065376915610e-01,4.917809933410647538e+00,2.010236290567733453e-01
4.671114076050699726e-01,4.889776642459036538e+00,1.954455151274117342e-01
4.695130086724479401e-01,4.861679599102498806e+00,1.900094683834170073e-01
4.719146097398263517e-01,4.833520048828350291e+00,1.847124669000790864e-01
4.743162108072047634e-01,4.805299243511032437e+00,1.795515282209507735e-01
4.767178118745827309e-01,4.777018441412105076e+00,1.745237098749662652e-01
4.791194129419611425e-01,4.748678907180224229e+00,1.696261098399631795e-01
4.815210140093395541e-01,4.720281911851174961e+00,1.648558669523995934e-01
4.839226150767175216e-01,4.691828732847860728e+00,1.602101612657279572e-01
4.863242161440959332e-01,4.663320653980282060e+00,1.556862143613474136e-01
4.887258172114743449e-01,4.634758965445566758e+00,1.512812896098741922e-01
4.911274182788523124e-01,4.606144963827961902e+00,1.469926923876225533e-01
4.935290193462307240e-01,4.577479952098808980e+00,1.428177702475449673e-01
4.959306204136086915e-01,4.548765239616588296e+00,1.387539130486963312e-01
4.983322214809871031e-01,4.520002142126873679e+00,1.347985530450572234e-01
5.007338225483655147e-01,4.491191981762366225e+00,1.309491649328179408e-01
5.031354236157434823e-01,4.462336087042882760e+00,1.272032658625822099e-01
5.055370246831218939e-01,4.433435792875339843e+00,1.235584154138989199e-01
5.079386257505003055e-01,4.404492440553784860e+00,1.200122155346319552e-01
5.103402268178782730e-01,4.375507377759375593e+00,1.165623104486467609e-01
5.127418278852566846e-01,4.346481958560374004e+00,1.132063865310938972e-01
5.151434289526350963e-01,4.317417543412167547e+00,1.099421721531454038e-01
5.175450300200130638e-01,4.288315499157262067e+00,1.067674374990435909e-01
5.199466310873914754e-01,4.259177199025260485e+00,1.036799943561263343e-01
5.223482321547694429e-01,4.230004022632900096e+00,1.006776958773639846e-01
5.247498332221478545e-01,4.200797355984013493e+00,9.775843631973350767e-02
5.271514342895262661e-01,4.171558591469560540e+00,9.492015076161490483e-02
5.295530353569042337e-01,4.142289127867620380e+00,9.216081479576657132e-02
5.319546364242826453e-01,4.112990370343368340e+00,8.947844420247876018e-02
5.343562374916610569e-01,4.083663730449107909e+00,8.687109460393498128e-02
5.367578385590390244e-01,4.054310626124258299e+00,8.433686109979780798e-02
5.391594396264174360e-01,4.024932481695342013e+00,8.187387788613005590e-02
5.415610406937958476e-01,3.995530727876003940e+00,7.948031785744544275e-02
5.439626417611738152e-01,3.966106801767010026e+00,7.715439219568520635e-02
5.463642428285522268e-01,3.936662146856221511e+00,7.489434994400123724e-02
5.487658438959306384e-01,3.907198213018630462e+00,7.269847756905700731e-02
5.511674449633086059e-01,3.877716456516344667e+00,7.056509851104504627e-02
5.535690460306870175e-01,3.848218339998568993e+00,6.849257272206688008e-02
5.559706470980649851e-01,3.818705332501643124e+00,6.647929619673258184e-02
5.583722481654433967e-01,3.789178909449003818e+00,6.452370049284550380e-02
5.607738492328218083e-01,3.759640552651215106e+00,6.262425224410650415e-02
5.631754503001997758e-01,3.730091750305956300e+00,6.077945266580570688e-02
5.655770513675781874e-01,3.700533996998004227e+00,5.898783705439789027e-02
5.679786524349565990e-01,3.670968793699267430e+00,5.724797428124444448e-02
5.703802535023345666e-01,3.641397647768771062e+00,5.555846628171769164e-02
5.727818545697129782e-01,3.611822072952632023e+00,5.391794754093025971e-02
5.751834556370913898e-01,3.582243589384105587e+00,5.232508457484943976e-02
5.775850567044693573e-01,3.552663723583556976e+00,5.077857540895692329e-02
5.799866577718477689e-01,3.523084008458449823e+00,4.927714905648779287e-02
5.823882588392261805e-01,3.493505983303379914e+00,4.781956499344241357e-02
5.847898599066041481e-01,3.463931193800057429e+00,4.640461263302358280e-02
5.871914609739825597e-01,3.434361192017290509e+00,4.503111080042171421e-02
5.895930620413605272e-01,3.404797536411023007e+00,4.369790720692182107e-02
5.919946631087389388e-01,3.375241791824290516e+00,4.240387792624479568e-02
5.943962641761173504e-01,3.345695529487260789e+00,4.114792687035103563e-02
5.967978652434953180e-01,3.316160327017219078e+00,3.992898526743841880e-02
5.991994663108737296e-01,3.286637768418542827e+00,3.874601114299641713e-02
6.016010673782521412e-01,3.257129444082742520e+00,3.759798880200225513e-02
6.040026684456301087e-01,3.227636950788444814e+00,3.648392831468894038e-02
6.064042695130085203e-01,3.198161891701375659e+00,3.540286500557517091e-02
6.088058705803869319e-01,3.168705876374386499e+00,3.435385894533299345e-02
6.112074716477648995e-01,3.139270520747447168e+00,3.333599444752275570e-02
6.136090727151433111e-01,3.109857447147624576e+00,3.234837956889465710e-02
6.160106737825212786e-01,3.080468284289123559e+00,3.139014561408278586e-02
6.184122748498996902e-01,3.051104667273239368e+00,3.046044664586224776e-02
6.208138759172781018e-01,3.021768237588398520e+00,2.955845899880609612e-02
6.232154769846560693e-01,2.992460643110142371e+00,2.868338079956176886e-02
6.256170780520344810e-01,2.963183538101111125e+00,2.783443149216999202e-02
6.280186791194128926e-01,2.933938583211075812e+00,2.701085136842356835e-02
6.304202801867908601e-01,2.904727445476920078e+00,2.621190110419749711e-02
6.328218812541692717e-01,2.875551798322626418e+00,2.543686130182204810e-02
6.352234823215476833e-01,2.846413321559310372e+00,2.468503203876817875e-02
6.376250833889256509e-01,2.817313701385200098e+00,2.395573242220206886e-02
6.400266844563040625e-01,2.788254630385619492e+00,2.324830014924947688e-02
6.424282855236824741e-01,2.759237807533029496e+00,2.256209107496631380e-02
6.448298865910604416e-01,2.730264938186999668e+00,2.189647878605890594e-02
6.472314876584388532e-01,2.701337734094199305e+00,2.125085418059645750e-02
6.496330887258168207e-01,2.672457913388436967e+00,2.062462505578945351e-02
6.520346897931952324e-01,2.643627200590608517e+00,2.001721570082185681e-02
6.544362908605736440e-01,2.614847326608747302e+00,1.942806649751119275e-02
6.568378919279516115e-01,2.586120028737994403e+00,1.885663352798878575e-02
6.592394929953300231e-01,2.557447050660592858e+00,1.830238818814498500e-02
6.616410940627084347e-01,2.528830142445916529e+00,1.776481680868540261e-02
6.640426951300864022e-01,2.500271060550451896e+00,1.724342028274402847e-02
6.664442961974648139e-01,2.471771567817786064e+00,1.673771370000603012e-02
6.688458972648432255e-01,2.443333433478635186e+00,1.624722598847831712e-02
6.712474983322211930e-01,2.414958433150828476e+00,1.577149956251493526e-02
6.736490993995996046e-01,2.386648348839297107e+00,1.531008997779587967e-02
6.760507004669775721e-01,2.358404968936107071e+00,1.486256559301124373e-02
6.784523015343559837e-01,2.330230088220414331e+00,1.442850723832851678e-02
6.808539026017343954e-01,2.302125507858510556e+00,1.400750788990852251e-02
6.832555036691123629e-01,2.274093035403796481e+00,1.359917235259050332e-02
6.856571047364907745e-01,2.246134484796773467e+00,1.320311694830422593e-02
6.880587058038691861e-01,2.218251676365077252e+00,1.281896921030804652e-02
6.904603068712471536e-01,2.190446436823452192e+00,1.244636758542557765e-02
6.928619079386255653e-01,2.162720599273744604e+00,1.208496114203660640e-02
6.952635090060039769e-01,2.135076003204928963e+00,1.173440928348253379e-02
6.976651100733819444e-01,2.107514494493095469e+00,1.139438146933391578e-02
7.000667111407603560e-01,2.080037925401433618e+00,1.106455694287336936e-02
7.024683122081387676e-01,2.052648154580263284e+00,1.074462446275822013e-02
7.048699132755167351e-01,2.025347047067016515e+00,1.043428204337574702e-02
7.072715143428951468e-01,1.998136474286226427e+00,1.013323669943381848e-02
7.096731154102731143e-01,1.971018314049560738e+00,9.841204196837479573e-03
7.120747164776515259e-01,1.943994450555780462e+00,9.557908810060862514e-03
7.144763175450299375e-01,1.917066774390776995e+00,9.283083084572117671e-03
7.168779186124079050e-01,1.890237182527556570e+00,9.016467605642657784e-03
7.192795196797863166e-01,1.863507578326224490e+00,8.757810771838157177e-03
7.216811207471647283e-01,1.836879871534014885e+00,8.506868574477318909e-03
7.240827218145426958e-01,1.810355978285276279e+00,8.263404382561425482e-03
7.264843228819211074e-01,1.783937821101459598e+00,8.027188732724982456e-03
7.288859239492995190e-01,1.757627328891140372e+00,7.797999125265146249e-03
7.312875250166774865e-01,1.731426436950012526e+00,7.575619824471796840e-03
7.336891260840558981e-01,1.705337086960868387e+00,7.359841663525254485e-03
7.360907271514338657e-01,1.679361226993633105e+00,7.150461855853631338e-03
7.384923282188122773e-01,1.653500811505329571e+00,6.947283810425882930e-03
7.408939292861906889e-01,1.627757801340107946e+00,6.750116951466234375e-03
7.432955303535686564e-01,1.602134163729231897e+00,6.558776543684586603e-03
7.456971314209470680e-01,1.576631872291066605e+00,6.373083521783073219e-03
7.480987324883254797e-01,1.551252907031106965e+00,6.192864323755311803e-03
7.505003335557034472e-01,1.525999254341959377e+00,6.017950729462579959e-03
7.529019346230818588e-01,1.500872907003333978e+00,5.848179703990563118e-03
7.553035356904602704e-01,1.475875864182067287e+00,5.683393243166201710e-03
7.577051367578382379e-01,1.451010131432111327e+00,5.523438225327753290e-03
7.601067378252166495e-01,1.426277720694516749e+00,5.368166266369056756e-03
7.625083388925950612e-01,1.401680650297465691e+00,5.217433578100089120e-03
7.649099399599730287e-01,1.377220944956252024e+00,5.071100831387664702e-03
7.673115410273514403e-01,1.352900635773271132e+00,4.929033022588750514e-03
7.697131420947294078e-01,1.328721760238052996e+00,4.791099344042617364e-03
7.721147431621078194e-01,1.304686362227220675e+00,4.657173057874751561e-03
7.745163442294862310e-01,1.280796492004527609e+00,4.527131373100893273e-03
7.769179452968641986e-01,1.257054206220841186e+00,4.400855326147245020e-03
7.793195463642426102e-01,1.233461567914129864e+00,4.278229665748482097e-03
7.817211474316210218e-01,1.210020646509489151e+00,4.159142739981431386e-03
7.841227484989989893e-01,1.186733517819129613e+00,4.043486386830920376e-03
7.865243495663774009e-01,1.163602264042363554e+00,3.931155828092806545e-03
7.889259506337558125e-01,1.140628973765630327e+00,3.822049565493122920e-03
7.913275517011337801e-01,1.117815741962484122e+00,3.716069281494500682e-03
7.937291527685121917e-01,1.095164669993580420e+00,3.613119741507803215e-03
7.961307538358906033e-01,1.072677865606701975e+00,3.513108698764325511e-03
7.985323549032685708e-01,1.050357442936745267e+00,3.415946802701099599e-03
8.009339559706469824e-01,1.028205522505710512e+00,3.321547510359871766e-03
8.033355570380249500e-01,1.006224231222727861e+00,3.229826999769614196e-03
8.057371581054033616e-01,9.844157023840255372e-01,3.140704085254186761e-03
8.081387591727817732e-01,9.627820756729578155e-01,3.054100136046767732e-03
8.105403602401597407e-01,9.413254971599955834e-01,2.969938997628306012e-03
8.129419613075381523e-01,9.200481193027097992e-01,2.888146915013063004e-03
8.153435623749165639e-01,8.989521009457989154e-01,2.808652457140413221e-03
8.177451634422945315e-01,8.780396073210761099e-01,2.731386445452134958e-03
8.201467645096729431e-01,8.573128100474565194e-01,2.656281884305947399e-03
8.225483655770513547e-01,8.367738871309827742e-01,2.583273891178570255e-03
8.249499666444293222e-01,8.164250229648098989e-01,2.512299631659330700e-03
8.273515677118077338e-01,7.962684083291979853e-01,2.443298255844075957e-03
8.297531687791857014e-01,7.763062403915356180e-01,2.376210835305824203e-03
8.321547698465641130e-01,7.565407227063107864e-01,2.310980303416320519e-03
8.345563709139425246e-01,7.369740652151376414e-01,2.247551396326849353e-03
8.369579719813204921e-01,7.176084842467453928e-01,2.185870597117348102e-03
8.393595730486989037e-01,6.984462025169649868e-01,2.125886080285742039e-03
8.417611741160773153e-01,6.794894491287535310e-01,2.067547658211940555e-03
8.441627751834552829e-01,6.607404595721837470e-01,2.010806730164257580e-03
8.465643762508336945e-01,6.422014757244312033e-01,1.955616231839755591e-03
8.489659773182121061e-01,6.238747458497956311e-01,1.901930586578427134e-03
8.513675783855900736e-01,6.057625245996924868e-01,1.849705658812227527e-03
8.537691794529684852e-01,5.878670730126416277e-01,1.798898708303523202e-03
8.561707805203468968e-01,5.701906585142865191e-01,1.749468345069640730e-03
8.585723815877248644e-01,5.527355549173855742e-01,1.701374487609675365e-03
8.609739826551032760e-01,5.355040424218017181e-01,1.654578320562707754e-03
8.633755837224812435e-01,5.184984076145255916e-01,1.609042254873709792e-03
8.657771847898596551e-01,5.017209434696495718e-01,1.564729888664090612e-03
8.681787858572380667e-01,4.851739493483895327e-01,1.521605968848444490e-03
8.705803869246160342e-01,4.688597309990760187e-01,1.479636355077617801e-03
8.729819879919944459e-01,4.527806005571448078e-01,1.438787983940434086e-03
8.753835890593728575e-01,4.369388765451554524e-01,1.399028834492780943e-03
8.777851901267508250e-01,4.213368838727817867e-01,1.360327894691405314e-03
8.801867911941292366e-01,4.059769538368037667e-01,1.322655129258091915e-03
8.825883922615076482e-01,3.908614241211233464e-01,1.285981448120585404e-03
8.849899933288856158e-01,3.759926387967584827e-01,1.250278676030269808e-03
8.873915943962640274e-01,3.613729483218321437e-01,1.215519523012285798e-03
8.897931954636424390e-01,3.470047095415907390e-01,1.181677556434255561e-03
8.921947965310204065e-01,3.328902856883939054e-01,1.148727172598213928e-03
8.945963975983988181e-01,3.190320463817094554e-01,1.116643569857972288e-03
8.969979986657767856e-01,3.054323676281285871e-01,1.085402723107025064e-03
8.993995997331551973e-01,2.920936318213482319e-01,1.054981358200554045e-03
9.018012008005336089e-01,2.790182277421862644e-01,1.025356928113232806e-03
9.042028018679115764e-01,2.662085505585755074e-01,9.965075889283843500e-04
9.066044029352899880e-01,2.536670018255553494e-01,9.684121767092724155e-04
9.090060040026683996e-01,2.413959894852877319e-01,9.410501854522540554e-04
9.114076050700463671e-01,2.293979278670486011e-01,9.144017458507862047e-04
9.138092061374247788e-01,2.176752376872215511e-01,8.884476041624391526e-04
9.162108072048031904e-01,2.062303460493113416e-01,8.631691018590352061e-04
9.186124082721811579e-01,1.950656864439372917e-01,8.385481564408905648e-04
9.210140093395595695e-01,1.841836987488264799e-01,8.145672420721129878e-04
9.234156104069375370e-01,1.735868292288292869e-01,7.912093714603358726e-04
9.258172114743159486e-01,1.632775305359020768e-01,7.684580780847599787e-04
9.282188125416943603e-01,1.532582617091221844e-01,7.462973984874305940e-04
9.306204136090723278e-01,1.435314881746807825e-01,7.247118563581808268e-04
9.330220146764507394e-01,1.340996817458779966e-01,7.036864455237911700e-04
9.354236157438291510e-01,1.249653206231342156e-01,6.832066145017005052e-04
9.378252168112071185e-01,1.161308893939840964e-01,6.632582516143956716e-04
9.402268178785855302e-01,1.075988790330717759e-01,6.438276699090396188e-04
9.426284189459639418e-01,9.937178690216051657e-02,6.249015931963949715e-04
9.450300200133419093e-01,9.145211675012861197e-02,6.064671416339583246e-04
9.474316210807203209e-01,8.384237871296360001e-02,5.885118189442174567e-04
9.498332221480987325e-01,7.654508931377242142e-02,5.710234990735970489e-04
9.522348232154767000e-01,6.956277146277621559e-02,5.539904139049155228e-04
9.546364242828551117e-01,6.289795445730671231e-02,5.374011410012122930e-04
9.570380253502330792e-01,5.655317398181496785e-02,5.212445916800325773e-04
9.594396264176114908e-01,5.053097210786209464e-02,5.055099999545928846e-04
9.618412274849899024e-01,4.483389729412693564e-02,4.901869109978356388e-04
9.642428285523678699e-01,3.946450438640270592e-02,4.752651706460943662e-04
9.666444296197462815e-01,3.442535461759404364e-02,4.607349152251519284e-04
9.690460306871246932e-01,2.971901560772331752e-02,4.465865612994259480e-04
9.714476317545026607e-01,2.534806136392675838e-02,4.328107962741764222e-04
9.738492328218810723e-01,2.131507228045305402e-02,4.193985689246763839e-04
9.762508338892594839e-01,1.762263513866758544e-02,4.063410799850729316e-04
9.786524349566374514e-01,1.427334310705005889e-02,3.936297738203556611e-04
9.810540360240158630e-01,1.126979574119286315e-02,3.812563297962646351e-04
9.834556370913938306e-01,8.614598983805054136e-03,3.692126536810585026e-04
9.858572381587722422e-01,6.310365164708302624e-03,3.574908703338175692e-04
9.882588392261506538e-01,4.359713000840106066e-03,3.460833160106431224e-04
9.906604402935286213e-01,2.765267596252236025e-03,3.349825302207566223e-04
9.930620413609070329e-01,1.529660442110084831e-03,3.241812495524363786e-04
9.954636424282854446e-01,6.555294166944541879e-04,3.136724001702778024e-04
9.978652434956634121e-01,1.455187854003622307e-04,3.034490910830638490e-04
1.000266844563041824e+00,2.279200737026489845e-06,2.935046082100486640e-04
1.002668445630420235e+00,2.284677023284839104e-04,2.838324077590633604e-04
1.005070046697798203e+00,8.267477169129845618e-04,2.744261102167674395e-04
1.007471647765176614e+00,1.799789058343646744e-03,2.652794949866012870e-04
1.009873248832555026e+00,3.150267927587702393e-03,2.563864946578472840e-04
1.012274849899932994e+00,4.880866912726608033e-03,2.477411891239028976e-04
1.014676450967311405e+00,6.994274988957390783e-03,2.393378012311826676e-04
1.017078052034689373e+00,9.493187518589974935e-03,2.311706914220344516e-04
1.019479653102067784e+00,1.238030625105052129e-02,2.232343528777130774e-04
1.021881254169446196e+00,1.565833932287849506e-02,2.155234071942854681e-04
1.024282855236824163e+00,1.933000125772728686e-02,2.080325996835648262e-04
1.026684456304202575e+00,2.339801296636710368e-02,2.007567954505023826e-04
1.029086057371580987e+00,2.786510174668033191e-02,1.936909749748525042e-04
1.031487658438958954e+00,3.273400128366394518e-02,1.868302304199317499e-04
1.033889259506337366e+00,3.800745164943162419e-02,1.801697619564328334e-04
1.036290860573715777e+00,4.368819930320914230e-02,1.737048741179468916e-04
1.038692461641093745e+00,4.977899709133676298e-02,1.674309722344333835e-04
1.041094062708472157e+00,5.628260424727197370e-02,1.613435592814136245e-04
1.043495663775850124e+00,6.320178639158283151e-02,1.554382327549102194e-04
1.045897264843228536e+00,7.053931553195605386e-02,1.497106815294620174e-04
1.048298865910606947e+00,7.829797006318946206e-02,1.441566830555635742e-04
1.050700466977984915e+00,8.648053476719544386e-02,1.387721007827308806e-04
1.053102068045363326e+00,9.508980081300490161e-02,1.335528814178932333e-04
1.055503669112741738e+00,1.041285657567581346e-01,1.284950522178039559e-04
1.057905270180119706e+00,1.135996335417111952e-01,1.235947190647681876e-04
1.060306871247498117e+00,1.235058144982388445e-01,1.188480639305766913e-04
1.062708472314876529e+00,1.338499253438249770e-01,1.142513427346387664e-04
1.065110073382254496e+00,1.446347891830680188e-01,1.098008834561565100e-04
1.067511674449632908e+00,1.558632355076871312e-01,1.054930841745393830e-04
1.069913275517011320e+00,1.675381001965093042e-01,1.013244110420009946e-04
1.072314876584389287e+00,1.796622255154768089e-01,9.729139686908233023e-05
1.074716477651767699e+00,1.922384601176515828e-01,9.339063929863471311e-05
1.077118078719145666e+00,2.052696590432021295e-01,8.961879912704529320e-05
1.079519679786524078e+00,2.187586837194207268e-01,8.597259920400044644e-05
1.081921280853902489e+00,2.327084019607069953e-01,8.244882284236259998e-05
1.084322881921280457e+00,2.471216879685734780e-01,7.904431246387334917e-05
1.086724482988658869e+00,2.620014223316570190e-01,7.575596843338977787e-05
1.089126084056037280e+00,2.773504920257003903e-01,7.258074800405101890e-05
1.091527685123415248e+00,2.931717904135599517e-01,6.951566406633429842e-05
1.093929286190793659e+00,3.094682172452152824e-01,6.655778418830286911e-05
1.096330887258172071e+00,3.262426786577529159e-01,6.370422981969621761e-05
1.098732488325550039e+00,3.434980871753725018e-01,6.095217520621628378e-05
1.101134089392928450e+00,3.612373617093980749e-01,5.829884649638228378e-05
1.103535690460306862e+00,3.794634275582581262e-01,5.574152108785415460e-05
1.105937291527684829e+00,3.981792164074960949e-01,5.327752695456919129e-05
1.108338892595063241e+00,4.173876663297800826e-01,5.090424176796542192e-05
1.110740493662441208e+00,4.370917217848783176e-01,4.861909224253769450e-05
1.113142094729819620e+00,4.572943336196882980e-01,4.641955367994555771e-05
1.115543695797198032e+00,4.779984590682104240e-01,4.430314929348810041e-05
1.117945296864575999e+00,4.992070617515609321e-01,4.226744968314539606e-05
1.120346897931954411e+00,5.209231116779794446e-01,4.031007232777493920e-05
1.122748498999332822e+00,5.431495852428104287e-01,3.842868102643429390e-05
1.125150100066710790e+00,5.658894652285133553e-01,3.662098554736734708e-05
1.127551701134089202e+00,5.891457408046718580e-01,3.488474114301041404e-05
1.129953302201467613e+00,6.129214075279743046e-01,3.321774809726987224e-05
1.132354903268845581e+00,6.372194673422207911e-01,3.161785141978398593e-05
1.134756504336223992e+00,6.620429285783425710e-01,3.008294037803837921e-05
1.137158105403601960e+00,6.873948059543631972e-01,2.861094818234715775e-05
1.139559706470980371e+00,7.132781205754433751e-01,2.719985164744298878e-05
1.141961307538358783e+00,7.396958999338406615e-01,2.584767070053569995e-05
1.144362908605736751e+00,7.666511779089291156e-01,2.455246818395930491e-05
1.146764509673115162e+00,7.941469947672099572e-01,2.331234954175060545e-05
1.149166110740493574e+00,8.221863971622872524e-01,2.212546237122336613e-05
1.151567711807871541e+00,8.507724381348769072e-01,2.098999616413291456e-05
1.153969312875249953e+00,8.799081771128255403e-01,1.990418196614736845e-05
1.156370913942628365e+00,9.095966799110792866e-01,1.886629198691945050e-05
1.158772515010006332e+00,9.398410187316960096e-01,1.787463936480331080e-05
1.161174116077384744e+00,9.706442721638672833e-01,1.692757781584628928e-05
1.163575717144763155e+00,1.002009525183882532e+00,1.602350115941484588e-05
1.165977318212141123e+00,1.033939869155142688e+00,1.516084311887696253e-05
1.168378919279519534e+00,1.066438401828184945e+00,1.433807692127967802e-05
1.170780520346897502e+00,1.099508227340632249e+00,1.355371491630707129e-05
1.173182121414275914e+00,1.133152456217250137e+00,1.280630819734386878e-05
1.175583722481654325e+00,1.167374205369899665e+00,1.209444619313409966e-05
1.177985323549032293e+00,1.202176598097553839e+00,1.141675634301939052e-05
1.180386924616410704e+00,1.237562764086322931e+00,1.077190363476143984e-05
1.182788525683789116e+00,1.273535839409408954e+00,1.015859020428787607e-05
1.185190126751167083e+00,1.310098966527128761e+00,9.575554886859875126e-06
1.187591727818545495e+00,1.347255294286937355e+00,9.021572819281828957e-06
1.189993328885923907e+00,1.385007977923379485e+00,8.495454957048890950e-06
1.192394929953301874e+00,1.423360179058116737e+00,7.996047588714764109e-06
1.194796531020680286e+00,1.462315065699945293e+00,7.522231887203751130e-06
1.197198132088058697e+00,1.501875812244755748e+00,7.072923406747382130e-06
1.199599733155436665e+00,1.542045599475550421e+00,6.647071596091093466e-06
1.202001334222815077e+00,1.582827614562470231e+00,6.243659267092212858e-06
1.204402935290193044e+00,1.624225051062741620e+00,5.861702068541681398e-06
1.206804536357571456e+00,1.666241108920734959e+00,5.500247958098807226e-06
1.209206137424949867e+00,1.708878994467908585e+00,5.158376643781468048e-06
1.211607738492327835e+00,1.752141920422841226e+00,4.835199028596422328e-06
1.214009339559706246e+00,1.796033105891247317e+00,4.529856646160471340e-06
1.216410940627084658e+00,1.840555776365929708e+00,4.241521085429693148e-06
1.218812541694462626e+00,1.885713163726807196e+00,3.969393403643301572e-06
1.221214142761841037e+00,1.931508506240940060e+00,3.712703523859785254e-06
1.223615743829219449e+00,1.977945048562474328e+00,3.470709634041614388e-06
1.226017344896597416e+00,2.025026041732671533e+00,3.242697587125956050e-06
1.228418945963975828e+00,2.072754743179936021e+00,3.027980289417488593e-06
1.230820547031353795e+00,2.121134416719749893e+00,2.825897061553312996e-06
1.233222148098732207e+00,2.170168332554743174e+00,2.635813035821233370e-06
1.235623749166110619e+00,2.219859767274635409e+00,2.457118527096462784e-06
1.238025350233488586e+00,2.270212003856260541e+00,2.289228390711486396e-06
1.240426951300866998e+00,2.321228331663596212e+00,2.131581402274254164e-06
1.242828552368245409e+00,2.372912046447705148e+00,1.983639621243973012e-06
1.245230153435623377e+00,2.425266450346762248e+00,1.844887759208524128e-06
1.247631754503001789e+00,2.478294851886087891e+00,1.714832548221861423e-06
1.250033355570380200e+00,2.532000565978089757e+00,1.593002104134563935e-06
1.252434956637758168e+00,2.586386913922285480e+00,1.478945304526927712e-06
1.254836557705136579e+00,2.641457223405339949e+00,1.372231164278791723e-06
1.257238158772514991e+00,2.697214828501003137e+00,1.272448207796869906e-06
1.259639759839892958e+00,2.753663069670138963e+00,1.179203853556366999e-06
1.262041360907271370e+00,2.810805293760753276e+00,1.092123803715219949e-06
1.264442961974649338e+00,2.868644854007927680e+00,1.010851437640470887e-06
1.266844563042027749e+00,2.927185110033899917e+00,9.350472074969898898e-07
1.269246164109406161e+00,2.986429427847992812e+00,8.643880486860940266e-07
1.271647765176784128e+00,3.046381179846641807e+00,7.985667950940511543e-07
1.274049366244162540e+00,3.107043744813425601e+00,7.372916017347380214e-07
1.276450967311540952e+00,3.168420507919008866e+00,6.802853802850372626e-07
1.278852568378918919e+00,3.230514860721171555e+00,6.272852374827732389e-07
1.281254169446297331e+00,3.293330201164837323e+00,5.780419257502245473e-07
1.283655770513675742e+00,3.356869933582013577e+00,5.323193090178439397e-07
1.286057371581053710e+00,3.421137468691823003e+00,4.898938340004925886e-07
1.288458972648432121e+00,3.486136223600535988e+00,4.505540146883887288e-07
1.290860573715810089e+00,3.551869621801486687e+00,4.140999285061902634e-07
1.293262174783188501e+00,3.618341093175180934e+00,3.803427223936593602e-07
1.295663775850566912e+00,3.685554073989190549e+00,3.491041347416600735e-07
1.298065376917944880e+00,3.753512006898213738e+00,3.202160257965484318e-07
1.300466977985323291e+00,3.822218340944093740e+00,2.935199223375842719e-07
1.302868579052701703e+00,3.891676531555747776e+00,2.688665764047493124e-07
1.305270180120079671e+00,3.961890040549219005e+00,2.461155321767291113e-07
1.307671781187458082e+00,4.032862336127688074e+00,2.251347108507824354e-07
1.310073382254836494e+00,4.104596892881427372e+00,2.058000075653220466e-07
1.312474983322214461e+00,4.177097191787808583e+00,1.879948983172467514e-07
1.314876584389592873e+00,4.250366720211368410e+00,1.716100617022418192e-07
1.317278185456971284e+00,4.324408971903712207e+00,1.565430153279865650e-07
1.319679786524349252e+00,4.399227447003565494e+00,1.426977627643320999e-07
1.322081387591727664e+00,4.474825652036801493e+00,1.299844528770130229e-07
1.324482988659105631e+00,4.551207099916360299e+00,1.183190541406031145e-07
1.326884589726484043e+00,4.628375309942344806e+00,1.076230398262825387e-07
1.329286190793862454e+00,4.706333807801934555e+00,9.782308593478583108e-08
1.331687791861240422e+00,4.785086125569427473e+00,8.885078228623818399e-08
1.334089392928618834e+00,4.864635801706270080e+00,8.064235417996311021e-08
1.336490993995997245e+00,4.944986381060987313e+00,7.313839663827565224e-08
1.338892595063375213e+00,5.026141414869213619e+00,6.628362008348868699e-08
1.341294196130753624e+00,5.108104460753743581e+00,6.002660745998360036e-08
1.343695797198132036e+00,5.190879082724445759e+00,5.431958248250673836e-08
1.346097398265510003e+00,5.274468851178300888e+00,4.911818827833240980e-08
1.348498999332888415e+00,5.358877342899440066e+00,4.438127703904949384e-08
