x,V,Vhat_saddle,dV_saddle,Vhat_wiggle,dV_wiggle,Vhat_slope,dV_slope,Vhat_well,dV_well,Vhat_wells,dV_wells,Vhat_ripple,dV_ripple
-1.61988,31.6489,31.6489,3.32129e-25,31.6489,-2.60615e-24,31.6489,7.81515e-45,31.6489,2.9233e-68,31.6489,7.06527e-06,31.6529,0.00392845
-1.61027,30.4511,30.4511,6.61878e-25,30.4511,-5.16282e-24,30.4511,1.92806e-44,30.4511,8.92829e-68,30.4511,9.18709e-06,30.456,0.00497863
-1.60067,29.2832,29.2832,1.31362e-24,29.2832,-1.01854e-23,29.2832,4.73721e-44,29.2832,2.7157e-67,29.2832,1.18972e-05,29.289,0.0058456
-1.59106,28.145,28.145,2.59644e-24,28.145,-2.00112e-23,28.145,1.15916e-43,28.145,8.22646e-67,28.145,1.53438e-05,28.1515,0.00649745
-1.58145,27.0359,27.0359,5.111e-24,27.0359,-3.91536e-23,27.0359,2.82476e-43,27.0359,2.48178e-66,27.0359,1.97078e-05,27.0428,0.0069102
-1.57185,25.9557,25.9557,1.00197e-23,25.9557,-7.62908e-23,25.9557,6.85552e-43,25.9557,7.45646e-66,25.9557,2.52094e-05,25.9628,0.00706865
-1.56224,24.9039,24.9039,1.95622e-23,24.9039,-1.48039e-22,24.9039,1.65698e-42,24.9039,2.23111e-65,24.9039,3.21148e-05,24.9109,0.00696698
-1.55264,23.8801,23.8801,3.80367e-23,23.8801,-2.86076e-22,23.8801,3.98853e-42,23.8801,6.64856e-65,23.8801,4.07443e-05,23.8867,0.00660893
-1.54303,22.8839,22.8839,7.36555e-23,22.8839,-5.5054e-22,22.8839,9.56152e-42,22.8839,1.97312e-64,22.8839,5.1481e-05,22.8899,0.00600767
-1.53342,21.9149,21.9149,1.42045e-22,21.9149,-1.05511e-21,21.9149,2.28276e-41,21.9149,5.83174e-64,21.9149,6.47808e-05,21.92,0.00518532
-1.52382,20.9727,20.9727,2.72815e-22,20.9727,-2.01377e-21,20.9727,5.42765e-41,20.9727,1.71657e-63,20.9728,8.11828e-05,20.9769,0.00417216
-1.51421,20.0569,20.0569,5.21827e-22,20.0569,-3.82756e-21,20.0569,1.28523e-40,20.0569,5.03203e-63,20.057,0.000101321,20.0599,0.00300547
-1.5046,19.1672,19.1672,9.94042e-22,19.1672,-7.24496e-21,19.1672,3.0309e-40,19.1672,1.46907e-62,19.1673,0.000125938,19.1689,0.00172817
-1.495,18.3031,18.3031,1.88583e-21,18.3031,-1.36569e-20,18.3031,7.11835e-40,18.3031,4.27133e-62,18.3033,0.000155894,18.3035,0.000387276
-1.48539,17.4644,17.4644,3.56301e-21,17.4644,-2.5637e-20,17.4644,1.66497e-39,17.4644,1.2368e-61,17.4645,0.000192187,17.4634,-0.000967869
-1.47578,16.6505,16.6505,6.70427e-21,16.6505,-4.79274e-20,16.6505,3.87839e-39,16.6505,3.56663e-61,16.6507,0.000235958,16.6482,-0.0022874
-1.46618,15.8611,15.8611,1.25633e-20,15.8611,-8.92278e-20,15.8611,8.99739e-39,15.8611,1.02431e-60,15.8614,0.000288513,15.8575,-0.00352275
-1.45657,15.0958,15.0958,2.34464e-20,15.0958,-1.65431e-19,15.0958,2.07874e-38,15.0958,2.92973e-60,15.0962,0.000351329,15.0912,-0.00462846
-1.44696,14.3543,14.3543,4.3578e-20,14.3543,-3.05446e-19,14.3543,4.78301e-38,14.3543,8.34528e-60,14.3548,0.000426071,14.3488,-0.00556385
-1.43736,13.6362,13.6362,8.06633e-20,13.6362,-5.6163e-19,13.6362,1.09603e-37,13.6362,2.36741e-59,13.6368,0.000514599,13.6299,-0.00629449
-1.42775,12.9412,12.9412,1.48698e-19,12.9412,-1.02841e-18,12.9412,2.50127e-37,12.9412,6.68842e-59,12.9418,0.000618977,12.9344,-0.00679349
-1.41815,12.2688,12.2688,2.72993e-19,12.2688,-1.87535e-18,12.2688,5.68486e-37,12.2688,1.88188e-58,12.2695,0.000741479,12.2617,-0.0070425
-1.40854,11.6187,11.6187,4.99133e-19,11.6187,-3.40561e-18,11.6187,1.28676e-36,11.6187,5.27328e-58,11.6195,0.00088459,11.6116,-0.00703234
-1.39893,10.9905,10.9905,9.08868e-19,10.9905,-6.15896e-18,10.9905,2.90063e-36,10.9905,1.47159e-57,10.9915,0.001051,10.9837,-0.0067634
-1.38933,10.3839,10.3839,1.64818e-18,10.3839,-1.10922e-17,10.3839,6.51188e-36,10.3839,4.08991e-57,10.3851,0.00124361,10.3776,-0.00624556
-1.37972,9.7985,9.7985,2.97664e-18,9.7985,-1.98942e-17,9.7985,1.45593e-35,9.7985,1.13203e-56,9.79996,0.00146549,9.793,-0.00549788
-1.37011,9.23398,9.23398,5.35385e-18,9.23398,-3.5533e-17,9.23398,3.24184e-35,9.23398,3.12048e-56,9.2357,0.00171989,9.22944,-0.00454789
-1.36051,8.68999,8.68999,9.59016e-18,8.68999,-6.32028e-17,8.68999,7.18889e-35,8.68999,8.5665e-56,8.692,0.00201019,8.68656,-0.00343053
-1.3509,8.16616,8.16616,1.71082e-17,8.16616,-1.11953e-16,8.16616,1.58764e-34,8.16616,2.34209e-55,8.1685,0.00233988,8.16398,-0.00218694
-1.34129,7.66216,7.66216,3.03949e-17,7.66216,-1.97485e-16,7.66216,3.49188e-34,7.66216,6.37711e-55,7.66487,0.00271249,7.66129,-0.000862859
-1.33169,7.17763,7.17763,5.37795e-17,7.17763,-3.46919e-16,7.17763,7.64868e-34,7.17763,1.72927e-54,7.18076,0.00313156,7.17812,0.000492972
-1.32208,6.71224,6.71224,9.47656e-17,6.71224,-6.06902e-16,6.71224,1.66852e-33,6.71224,4.67002e-54,6.71584,0.00360058,6.71407,0.00183066
-1.31247,6.26565,6.26565,1.66305e-16,6.26565,-1.05732e-15,6.26565,3.62491e-33,6.26565,1.25601e-53,6.26977,0.00412291,6.26875,0.00310098
-1.30287,5.83751,5.83751,2.90654e-16,5.83751,-1.83437e-15,5.83751,7.84296e-33,5.83751,3.36426e-53,5.84222,0.00470168,5.84177,0.00425719
-1.29326,5.42751,5.42751,5.05902e-16,5.42751,-3.16929e-15,5.42751,1.68998e-32,5.42751,8.97433e-53,5.43285,0.00533975,5.43277,0.00525673
-1.28366,5.0353,5.0353,8.76952e-16,5.0353,-5.45298e-15,5.0353,3.62662e-32,5.0353,2.38415e-52,5.04134,0.00603959,5.04137,0.00606283
-1.27405,4.66057,4.66057,1.51392e-15,4.66057,-9.34329e-15,4.66057,7.75072e-32,4.66057,6.3079e-52,4.66737,0.0068032,4.66721,0.00664581
-1.26444,4.30297,4.30297,2.60286e-15,4.30297,-1.59426e-14,4.30297,1.64968e-31,4.30297,1.66209e-51,4.3106,0.00763198,4.30995,0.00698423
-1.25484,3.96219,3.96219,4.45673e-15,3.96219,-2.70903e-14,3.96219,3.49685e-31,3.96219,4.36157e-51,3.97071,0.00852669,3.96925,0.00706563
-1.24523,3.6379,3.6379,7.59978e-15,3.6379,-4.58416e-14,3.6379,7.38198e-31,3.6379,1.13986e-50,3.64739,0.00948729,3.64479,0.00688702
-1.23562,3.32979,3.32979,1.29064e-14,3.32979,-7.72503e-14,3.32979,1.55198e-30,3.32979,2.96671e-50,3.3403,0.0105129,3.33624,0.00645497
-1.22602,3.03754,3.03754,2.18286e-14,3.03754,-1.29638e-13,3.03754,3.24953e-30,3.03754,7.68989e-50,3.04914,0.0116017,3.04332,0.00578537
-1.21641,2.76083,2.76083,3.67677e-14,2.76083,-2.16649e-13,2.76083,6.77599e-30,2.76083,1.9851e-49,2.77358,0.0127509,2.76574,0.00490288
-1.2068,2.49936,2.49936,6.16775e-14,2.49936,-3.60556e-13,2.49936,1.40716e-29,2.49936,5.10347e-49,2.51332,0.0139565,2.5032,0.00383996
-1.1972,2.25281,2.25281,1.0304e-13,2.25281,-5.97558e-13,2.25281,2.91027e-29,2.25281,1.30667e-48,2.26803,0.0152136,2.25545,0.00263573
-1.18759,2.02088,2.02088,1.71436e-13,2.02088,-9.8623e-13,2.02088,5.99434e-29,2.02088,3.33185e-48,2.0374,0.0165161,2.02222,0.00133451
-1.17799,1.80326,1.80326,2.84065e-13,1.80326,-1.62094e-12,1.80326,1.22961e-28,1.80326,8.46105e-48,1.82112,0.0178567,1.80325,-1.58262e-05
-1.16838,1.59966,1.59966,4.68761e-13,1.59966,-2.65305e-12,1.59966,2.51197e-28,1.59966,2.13984e-47,1.61888,0.019227,1.59829,-0.00136558
-1.15877,1.40976,1.40976,7.7038e-13,1.40976,-4.32427e-12,1.40976,5.11068e-28,1.40976,5.38961e-47,1.43038,0.0206178,1.4071,-0.00266507
-1.14917,1.23328,1.23328,1.26089e-12,1.23328,-7.0189e-12,1.23328,1.03553e-27,1.23328,1.35192e-46,1.2553,0.0220187,1.22941,-0.0038665
-1.13956,1.06992,1.06992,2.05526e-12,1.06992,-1.13453e-11,1.06992,2.0896e-27,1.06992,3.37726e-46,1.09334,0.0234186,1.06499,-0.00492564
-1.12995,0.919382,0.919382,3.33639e-12,0.919382,-1.82619e-11,0.919382,4.19937e-27,0.919382,8.40228e-46,0.944188,0.0248055,0.913579,-0.00580351
-1.12035,0.781385,0.781385,5.39393e-12,0.781385,-2.9273e-11,0.781385,8.40474e-27,0.781385,2.08184e-45,0.807552,0.0261669,0.774917,-0.00646782
-1.11074,0.655638,0.655638,8.68465e-12,0.655638,-4.67277e-11,0.655638,1.67526e-26,0.655638,5.13709e-45,0.683128,0.0274902,0.648743,-0.00689411
-1.10113,0.541856,0.541856,1.39257e-11,0.541856,-7.42793e-11,0.541856,3.32552e-26,0.541856,1.26243e-44,0.570618,0.0287621,0.534789,-0.0070667
-1.09153,0.439758,0.439758,2.22384e-11,0.439758,-1.17584e-10,0.439758,6.57439e-26,0.439758,3.08968e-44,0.469727,0.0299697,0.432778,-0.00697924
-1.08192,0.349063,0.349063,3.53676e-11,0.349063,-1.85358e-10,0.349063,1.2944e-25,0.349063,7.53076e-44,0.380163,0.0311002,0.342428,-0.00663494
-1.07231,0.269493,0.269493,5.60181e-11,0.269493,-2.90978e-10,0.269493,2.53807e-25,0.269493,1.82803e-43,0.301635,0.0321412,0.263447,-0.00604648
-1.06271,0.200775,0.200775,8.83627e-11,0.200775,-4.54875e-10,0.200775,4.95627e-25,0.200775,4.41923e-43,0.233856,0.0330812,0.195539,-0.00523551
-1.0531,0.142635,0.142635,1.38812e-10,0.142635,-7.08122e-10,0.142635,9.63887e-25,0.142635,1.06397e-42,0.176544,0.0339092,0.138403,-0.00423187
-1.0435,0.0948027,0.0948027,2.17173e-10,0.0948027,-1.09776e-09,0.0948027,1.86688e-24,0.0948027,2.55111e-42,0.129418,0.0346157,0.0917302,-0.00307251
-1.03389,0.0570112,0.0570112,3.38379e-10,0.0570112,-1.69468e-09,0.0570112,3.60101e-24,0.0570112,6.09185e-42,0.0922035,0.0351923,0.0552111,-0.00180007
-1.02428,0.028995,0.028995,5.25073e-10,0.028995,-2.60525e-09,0.028995,6.91753e-24,0.028995,1.44873e-41,0.0646271,0.0356321,0.0285336,-0.000461391
-1.01468,0.0104914,0.0104914,8.11436e-10,0.0104914,-3.98833e-09,0.0104914,1.32342e-23,0.0104914,3.43119e-41,0.0464211,0.0359296,0.0113857,0.000894266
-1.00507,0.00124012,0.00124012,1.24884e-09,0.00124012,-6.08013e-09,0.00124012,2.52151e-23,0.00124012,8.09321e-41,0.0373215,0.0360814,0.00345714,0.00221701
-0.995464,0.000983294,0.000983296,1.91417e-09,0.000983285,-9.23027e-09,0.000983294,4.78459e-23,0.000983294,1.90115e-40,0.0370688,0.0360855,0.00444147,0.00345818
-0.985857,0.00946555,0.00946555,2.92193e-09,0.00946553,-1.39538e-08,0.00946555,9.04164e-23,0.00946555,4.44763e-40,0.0454075,0.0359419,0.0140376,0.00457208
-0.976251,0.026434,0.026434,4.44201e-09,0.0264339,-2.10064e-08,0.026434,1.70164e-22,0.026434,1.03624e-39,0.0620863,0.0356524,0.0319517,0.00551773
-0.966644,0.051638,0.051638,6.72525e-09,0.051638,-3.14908e-08,0.051638,3.18939e-22,0.051638,2.40443e-39,0.0868584,0.0352204,0.0578984,0.00626033
-0.957038,0.0848298,0.0848298,1.01404e-08,0.0848297,-4.70104e-08,0.0848298,5.95341e-22,0.0848298,5.55625e-39,0.119481,0.0346512,0.0916023,0.00677255
-0.947432,0.125764,0.125764,1.52272e-08,0.125763,-6.98841e-08,0.125764,1.10673e-21,0.125764,1.2787e-38,0.159715,0.0339517,0.132799,0.00703554
-0.937825,0.174196,0.174196,2.27722e-08,0.174196,-1.03452e-07,0.174196,2.04899e-21,0.174196,2.93074e-38,0.207327,0.0331302,0.181236,0.00703963
-0.928219,0.229887,0.229887,3.39164e-08,0.229887,-1.525e-07,0.229887,3.77793e-21,0.229887,6.68965e-38,0.262084,0.0321962,0.236672,0.00678466
-0.918612,0.292599,0.292599,5.03073e-08,0.292598,-2.23858e-07,0.292599,6.93725e-21,0.292599,1.52072e-37,0.323759,0.0311605,0.298879,0.00628001
-0.909006,0.362094,0.362094,7.43143e-08,0.362094,-3.27226e-07,0.362094,1.26864e-20,0.362094,3.4428e-37,0.392129,0.0300346,0.367638,0.00554426
-0.8994,0.43814,0.438141,1.09328e-07,0.43814,-4.76315e-07,0.43814,2.31052e-20,0.43814,7.76236e-37,0.466971,0.028831,0.442745,0.00460449
-0.889793,0.520507,0.520507,1.60181e-07,0.520506,-6.90412e-07,0.520507,4.19083e-20,0.520507,1.74299e-36,0.548069,0.0275623,0.524002,0.00349527
-0.880187,0.608965,0.608966,2.33726e-07,0.608964,-9.96533e-07,0.608965,7.57022e-20,0.608965,3.89775e-36,0.635207,0.0262416,0.611223,0.00225742
-0.87058,0.70329,0.70329,3.39643e-07,0.703288,-1.43232e-06,0.70329,1.36187e-19,0.70329,8.68067e-36,0.728171,0.0248819,0.704226,0.000936505
-0.860974,0.803256,0.803257,4.91539e-07,0.803254,-2.05002e-06,0.803256,2.43995e-19,0.803256,1.92535e-35,0.826752,0.0234961,0.802837,-0.000418877
-0.851368,0.908644,0.908644,7.08453e-07,0.908641,-2.92171e-06,0.908644,4.35358e-19,0.908644,4.25291e-35,0.93074,0.0220966,0.906885,-0.00175884
-0.841761,1.01923,1.01924,1.01691e-06,1.01923,-4.1465e-06,1.01923,7.73623e-19,1.01923,9.3558e-35,1.03993,0.0206955,1.0162,-0.00303409
-0.832155,1.13481,1.13481,1.4537e-06,1.13481,-5.85987e-06,1.13481,1.36909e-18,1.13481,2.04972e-34,1.15411,0.0193038,1.13061,-0.00419767
-0.822548,1.25516,1.25516,2.06959e-06,1.25515,-8.24622e-06,1.25516,2.41297e-18,1.25516,4.47226e-34,1.27309,0.0179321,1.24995,-0.00520679
-0.812942,1.38007,1.38008,2.93435e-06,1.38006,-1.15553e-05,1.38007,4.23538e-18,1.38007,9.71802e-34,1.39666,0.0165896,1.37405,-0.00602429
-0.803336,1.50934,1.50934,4.14343e-06,1.50932,-1.61237e-05,1.50934,7.40374e-18,1.50934,2.10304e-33,1.52462,0.0152849,1.50272,-0.00662011
-0.793729,1.64275,1.64275,5.82674e-06,1.64272,-2.24031e-05,1.64275,1.28893e-17,1.64275,4.53248e-33,1.65677,0.0140251,1.63577,-0.0069723
-0.784123,1.7801,1.78011,8.16038e-06,1.78007,-3.09959e-05,1.7801,2.23473e-17,1.7801,9.72844e-33,1.79292,0.0128164,1.77303,-0.00706792
-0.774516,1.92119,1.92121,1.13819e-05,1.92115,-4.27025e-05,1.92119,3.85868e-17,1.92119,2.07955e-32,1.93286,0.011664,1.91429,-0.00690343
-0.76491,2.06583,2.06585,1.58101e-05,2.06577,-5.85808e-05,2.06583,6.63548e-17,2.06583,4.42705e-32,2.0764,0.0105718,2.05935,-0.00648491
-0.755304,2.21381,2.21384,2.18714e-05,2.21373,-8.00217e-05,2.21381,1.13638e-16,2.21381,9.38594e-32,2.22336,0.00954258,2.20799,-0.00582774
-0.745697,2.36495,2.36498,3.01326e-05,2.36484,-0.000108845,2.36495,1.93819e-16,2.36495,1.9818e-31,2.37353,0.00857833,2.35999,-0.00495611
-0.736091,2.51904,2.51908,4.13442e-05,2.51889,-0.00014742,2.51904,3.29219e-16,2.51904,4.16736e-31,2.52672,0.00767996,2.51514,-0.00390209
-0.726484,2.67591,2.67596,5.64953e-05,2.67571,-0.000198814,2.67591,5.56922e-16,2.67591,8.72732e-31,2.68275,0.00684752,2.6732,-0.00270448
-0.716878,2.83536,2.83543,7.68826e-05,2.83509,-0.000266983,2.83536,9.38256e-16,2.83536,1.8202e-30,2.84144,0.00608032,2.83395,-0.00140735
-0.707272,2.9972,2.99731,0.000104199,2.99685,-0.000356992,2.9972,1.57423e-15,2.9972,3.78074e-30,3.00258,0.00537699,2.99715,-5.8423e-05
-0.697665,3.16127,3.16141,0.000140642,3.1608,-0.000475306,3.16127,2.63046e-15,3.16127,7.82083e-30,3.16601,0.00473554,3.16256,0.00129265
-0.688059,3.32738,3.32757,0.000189055,3.32675,-0.000630121,3.32738,4.37739e-15,3.32738,1.61119e-29,3.33153,0.00415355,3.32997,0.00259616
-0.678452,3.49535,3.4956,0.000253093,3.49451,-0.00083178,3.49535,7.25468e-15,3.49535,3.30569e-29,3.49897,0.00362817,3.49915,0.00380412
-0.668846,3.665,3.66534,0.000337435,3.66391,-0.00109326,3.665,1.1974e-14,3.665,6.75451e-29,3.66816,0.00315628,3.66987,0.0048721
-0.659239,3.83617,3.83662,0.000448041,3.83474,-0.00143077,3.83617,1.96824e-14,3.83617,1.3745e-28,3.83891,0.00273452,3.84193,0.00576078
-0.649633,4.00869,4.00928,0.000592469,4.00682,-0.00186442,4.00869,3.22209e-14,4.00869,2.78557e-28,4.01105,0.00235942,4.01512,0.00643747
-0.640027,4.18238,4.18316,0.000780246,4.17996,-0.00241902,4.18238,5.25309e-14,4.18238,5.62216e-28,4.18441,0.00202745,4.18926,0.00687726
-0.63042,4.35709,4.35811,0.00102333,4.35397,-0.00312504,4.35709,8.52925e-14,4.35709,1.13008e-27,4.35883,0.00173505,4.36416,0.00706397
-0.620814,4.53265,4.53399,0.00133666,4.52863,-0.00401967,4.53265,1.3792e-13,4.53265,2.26223e-27,4.53413,0.00147874,4.53964,0.00699073
-0.611207,4.70891,4.71064,0.00173877,4.70376,-0.00514802,4.70891,2.22105e-13,4.70891,4.51006e-27,4.71016,0.00125514,4.71557,0.00666023
-0.601601,4.88569,4.88795,0.00225259,4.87913,-0.00656449,4.88569,3.56215e-13,4.88569,8.95459e-27,4.88676,0.00106099,4.89178,0.00608463
-0.591995,5.06286,5.06577,0.00290632,5.05453,-0.00833432,5.06286,5.68961e-13,5.06286,1.77063e-26,5.06376,0.000893198,5.06815,0.00528512
-0.582388,5.24026,5.24399,0.00373441,5.22972,-0.0105352,5.24026,9.0505e-13,5.24026,3.48682e-26,5.24101,0.000748865,5.24455,0.00429112
-0.572782,5.41773,5.42251,0.0047788,5.40447,-0.0132592,5.41773,1.43378e-12,5.41773,6.83831e-26,5.41836,0.000625285,5.42087,0.00313921
-0.563175,5.59514,5.60123,0.00609025,5.57852,-0.0166145,5.59514,2.26208e-12,5.59514,1.33563e-25,5.59566,0.000519962,5.59701,0.00187177
-0.553569,5.77233,5.78006,0.00772983,5.7516,-0.0207277,5.77233,3.55431e-12,5.77233,2.59804e-25,5.77276,0.00043061,5.77286,0.000535456
-0.543963,5.94916,5.95893,0.00977065,5.92341,-0.0257455,5.94916,5.56185e-12,5.94916,5.03293e-25,5.94952,0.000355153,5.94834,-0.000820564
-0.534356,6.1255,6.1378,0.0122997,6.09366,-0.0318373,6.1255,8.66769e-12,6.1255,9.70993e-25,6.12579,0.000291719,6.12335,-0.00214639
-0.52475,6.3012,6.31662,0.0154201,6.262,-0.0391966,6.3012,1.34526e-11,6.3012,1.86565e-24,6.30143,0.000238635,6.2978,-0.00339323
-0.515143,6.47613,6.49538,0.0192529,6.42808,-0.0480434,6.47613,2.07935e-11,6.47613,3.56995e-24,6.47632,0.000194411,6.47161,-0.00451519
-0.505537,6.65015,6.67409,0.0239401,6.59153,-0.0586256,6.65015,3.20086e-11,6.65015,6.8032e-24,6.65031,0.000157734,6.64468,-0.005471
-0.495931,6.82315,6.85279,0.0296464,6.75193,-0.0712201,6.82315,4.90711e-11,6.82315,1.29117e-23,6.82328,0.000127453,6.81692,-0.00622548
-0.486324,6.99498,7.03154,0.0365627,6.90885,-0.0861339,6.99498,7.49209e-11,6.99498,2.44046e-23,6.99508,0.000102564,6.98823,-0.00675086
-0.476718,7.16553,7.21044,0.044908,7.06182,-0.103704,7.16553,1.1392e-10,7.16553,4.59388e-23,7.16561,8.21972e-05,7.1585,-0.00702781
-0.467111,7.33466,7.3896,0.0549322,7.21037,-0.124296,7.33466,1.7251e-10,7.33466,8.61204e-23,7.33473,6.56052e-05,7.32762,-0.00704614
-0.457505,7.50227,7.56919,0.066919,7.35397,-0.148305,7.50227,2.60164e-10,7.50227,1.60787e-22,7.50232,5.2148e-05,7.49547,-0.00680517
-0.447899,7.66823,7.74942,0.0811878,7.49208,-0.176149,7.66823,3.90751e-10,7.66823,2.98961e-22,7.66827,4.12816e-05,7.66192,-0.00631378
-0.438292,7.83243,7.93052,0.0980958,7.62416,-0.208269,7.83243,5.84482e-10,7.83243,5.53601e-22,7.83246,3.25457e-05,7.82684,-0.00559003
-0.428686,7.99475,8.11279,0.11804,7.74963,-0.245119,7.99475,8.70685e-10,7.99475,1.02094e-21,7.99477,2.55535e-05,7.99009,-0.00466058
-0.419079,8.15508,8.29654,0.141458,7.86791,-0.287166,8.15508,1.29172e-09,8.15508,1.87507e-21,8.1551,1.99813e-05,8.15152,-0.00355962
-0.409473,8.31332,8.48214,0.168827,7.97845,-0.334871,8.31332,1.90852e-09,8.31332,3.42971e-21,8.31333,1.55603e-05,8.31099,-0.00232766
-0.399867,8.46935,8.67002,0.200668,8.08066,-0.388689,8.46935,2.8083e-09,8.46935,6.24762e-21,8.46936,1.20679e-05,8.46834,-0.00101005
-0.39026,8.62308,8.86062,0.237537,8.17403,-0.44905,8.62308,4.11537e-09,8.62308,1.13342e-20,8.62309,9.32098e-06,8.62343,0.000344735
-0.380654,8.77441,9.05444,0.28003,8.25806,-0.516349,8.77441,6.0061e-09,8.77441,2.04779e-20,8.77441,7.16987e-06,8.77609,0.00168683
-0.371047,8.92323,9.252,0.328772,8.3323,-0.590927,8.92323,8.72961e-09,8.92323,3.68468e-20,8.92323,5.49263e-06,8.9262,0.00296685
-0.361441,9.06945,9.45387,0.384419,8.39639,-0.673057,9.06945,1.26362e-08,9.06945,6.60286e-20,9.06945,4.19052e-06,9.07359,0.0041377
-0.351835,9.21298,9.66062,0.447645,8.45005,-0.762924,9.21298,1.82161e-08,9.21298,1.17837e-19,9.21298,3.184e-06,9.21814,0.00515627
-0.342228,9.35372,9.87286,0.519136,8.49311,-0.86061,9.35372,2.61526e-08,9.35372,2.09437e-19,9.35373,2.40934e-06,9.35971,0.0059851
-0.332622,9.49159,10.0912,0.59958,8.52553,-0.966067,9.49159,3.73932e-08,9.49159,3.70717e-19,9.4916,1.81569e-06,9.49819,0.00659367
-0.323015,9.62651,10.3162,0.689656,8.5474,-1.07911,9.62651,5.32462e-08,9.62651,6.53507e-19,9.62651,1.36271e-06,9.63347,0.0069596
-0.313409,9.75837,10.5484,0.790016,8.55899,-1.19938,9.75837,7.55098e-08,9.75837,1.1473e-18,9.75838,1.01856e-06,9.76544,0.00706942
-0.303803,9.88712,10.7884,0.901277,8.56077,-1.32635,9.88712,1.06644e-07,9.88712,2.00596e-18,9.88712,7.58203e-07,9.89404,0.00691908
-0.294196,10.0127,11.0367,1.024,8.55336,-1.4593,10.0127,1.49999e-07,10.0127,3.49289e-18,10.0127,5.62088e-07,10.0192,0.00651413
-0.28459,10.1349,11.2936,1.15867,8.53762,-1.59731,10.1349,2.10117e-07,10.1349,6.05714e-18,10.1349,4.14994e-07,10.1408,0.00586945
-0.274983,10.2538,11.5595,1.30569,8.51461,-1.73922,10.2538,2.93124e-07,10.2538,1.04609e-17,10.2538,3.05139e-07,10.2588,0.00500878
-0.265377,10.3693,11.8346,1.46533,8.48563,-1.88369,10.3693,4.07249e-07,10.3693,1.79924e-17,10.3693,2.23446e-07,10.3733,0.00396379
-0.255771,10.4813,12.1191,1.63777,8.45217,-2.02914,10.4813,5.63492e-07,10.4813,3.08197e-17,10.4813,1.62954e-07,10.4841,0.00277293
-0.246164,10.5897,12.4127,1.823,8.41593,-2.17381,10.5897,7.76486e-07,10.5897,5.25758e-17,10.5897,1.18353e-07,10.5912,0.00148003
-0.236558,10.6945,12.7154,2.02088,8.37882,-2.31573,10.6945,1.06561e-06,10.6945,8.93227e-17,10.6945,8.56071e-08,10.6947,0.000132666
-0.226951,10.7957,13.0267,2.23107,8.34291,-2.45276,10.7957,1.45641e-06,10.7957,1.51132e-16,10.7957,6.1668e-08,10.7945,-0.00121958
-0.217345,10.893,13.3461,2.45304,8.31041,-2.58264,10.893,1.98237e-06,10.893,2.54666e-16,10.893,4.42413e-08,10.8905,-0.00252695
-0.207738,10.9866,13.6727,2.68605,8.28365,-2.70297,10.9866,2.68724e-06,10.9866,4.2737e-16,10.9866,3.16094e-08,10.9829,-0.00374133
-0.198132,11.0763,14.0055,2.92916,8.26504,-2.8113,11.0763,3.62783e-06,11.0763,7.14258e-16,11.0763,2.24917e-08,11.0715,-0.00481803
-0.188526,11.1622,14.3434,3.1812,8.25699,-2.90517,11.1622,4.87759e-06,11.1622,1.18884e-15,11.1622,1.59385e-08,11.1564,-0.00571742
-0.178919,11.244,14.6848,3.44078,8.26189,-2.98211,11.244,6.53105e-06,11.244,1.97067e-15,11.244,1.12484e-08,11.2376,-0.00640642
-0.169313,11.3219,15.0282,3.70632,8.28208,-3.03978,11.3219,8.70922e-06,11.3219,3.25328e-15,11.3219,7.90593e-09,11.315,-0.00685966
-0.159706,11.3957,15.3717,3.976,8.31972,-3.07594,11.3957,1.15663e-05,11.3957,5.3487e-15,11.3957,5.53394e-09,11.3886,-0.00706046
-0.1501,11.4654,15.7132,4.24785,8.37679,-3.08858,11.4654,1.52978e-05,11.4654,8.75776e-15,11.4654,3.85776e-09,11.4584,-0.00700144
-0.140494,11.531,16.0507,4.51971,8.45502,-3.07593,11.531,2.01503e-05,11.531,1.4281e-14,11.531,2.67827e-09,11.5243,-0.00668477
-0.130887,11.5924,16.3816,4.78928,8.55584,-3.03653,11.5924,2.64334e-05,11.5924,2.31921e-14,11.5924,1.8518e-09,11.5862,-0.00612211
-0.121281,11.6496,16.7037,5.05416,8.6803,-2.96928,11.6496,3.45337e-05,11.6496,3.75095e-14,11.6496,1.27513e-09,11.6442,-0.00533415
-0.111674,11.7026,17.0144,5.31186,8.82907,-2.87349,11.7026,4.49316e-05,11.7026,6.04173e-14,11.7026,8.74466e-10,11.6982,-0.00434989
-0.102068,11.7513,17.3111,5.55985,9.00235,-2.74892,11.7513,5.82209e-05,11.7513,9.69171e-14,11.7513,5.97263e-10,11.7481,-0.00320556
-0.0924616,11.7957,17.5913,5.7956,9.19991,-2.59579,11.7958,7.51321e-05,11.7957,1.54831e-13,11.7957,4.06298e-10,11.7938,-0.00194327
-0.0828552,11.8358,17.8524,6.01661,9.42101,-2.4148,11.8359,9.65585e-05,11.8358,2.4634e-13,11.8358,2.75318e-10,11.8352,-0.000609462
-0.0732488,11.8716,18.0921,6.22049,9.66441,-2.20716,11.8717,0.000123587,11.8716,3.90328e-13,11.8716,1.85889e-10,11.8723,0.000746772
-0.0636424,11.903,18.3079,6.40495,9.92842,-1.97457,11.9031,0.000157535,11.903,6.15947e-13,11.903,1.25139e-10,11.9051,0.00207553
-0.054036,11.93,18.4979,6.56789,10.2109,-1.71917,11.9302,0.000199986,11.93,9.68002e-13,11.93,8.41228e-11,11.9334,0.0033279
-0.0444296,11.9527,18.6601,6.70741,10.5091,-1.44357,11.9529,0.000252836,11.9527,1.51505e-12,11.9527,5.66709e-11,11.9571,0.00445781
-0.0348232,11.9709,18.7928,6.82186,10.8202,-1.15075,11.9712,0.000318345,11.9709,2.36155e-12,11.9709,3.85674e-11,11.9763,0.00542367
-0.0252168,11.9847,18.8946,6.90986,11.1407,-0.844051,11.9851,0.000399186,11.9847,3.66595e-12,11.9847,2.69782e-11,11.9909,0.00618994
-0.0156104,11.9942,18.9645,6.97034,11.4671,-0.527081,11.9947,0.000498508,11.9942,5.66754e-12,11.9942,2.00586e-11,12.0009,0.00672843
-0.006004,11.9991,19.0017,7.00258,11.7955,-0.203661,11.9998,0.000619993,11.9991,8.72612e-12,11.9991,1.6692e-11,12.0062,0.0070193
0.0036024,11.9997,19.0059,7.00617,12.1219,0.122259,12.0005,0.000767929,11.9997,1.33803e-11,11.9997,1.63302e-11,12.0067,0.00705187
0.0132088,11.9958,18.9769,6.98107,12.4425,0.446678,11.9968,0.00094727,11.9958,2.04329e-11,11.9958,1.89141e-11,12.0026,0.00682494
0.0228152,11.9875,18.9151,6.92759,12.7531,0.765625,11.9887,0.00116371,11.9875,3.10752e-11,11.9875,2.48651e-11,11.9939,0.00634684
0.0324216,11.9748,18.8212,6.84638,13.05,1.07524,11.9762,0.00142376,11.9748,4.70668e-11,11.9748,3.51459e-11,11.9804,0.00563519
0.042028,11.9576,18.6961,6.73843,13.3295,1.37185,11.9594,0.00173478,11.9576,7.09962e-11,11.9576,5.13994e-11,11.9624,0.00471616
0.0516344,11.9361,18.5411,6.60504,13.5882,1.65205,11.9382,0.0021051,11.9361,1.06653e-10,11.9361,7.61811e-11,11.9397,0.00362357
0.0612408,11.9102,18.3579,6.44778,13.8229,1.91276,11.9127,0.00254401,11.9102,1.59563e-10,11.9102,1.13316e-10,11.9126,0.00239764
0.0708472,11.8798,18.1484,6.26851,14.0311,2.15128,11.8829,0.00306185,11.8798,2.37743e-10,11.8798,1.68419e-10,11.8809,0.00108348
0.0804536,11.8452,17.9144,6.06928,14.2105,2.36533,11.8488,0.00367001,11.8452,3.5278e-10,11.8452,2.49649e-10,11.8449,-0.000270556
0.09006,11.8061,17.6585,5.85233,14.3592,2.55311,11.8105,0.00438097,11.8061,5.21336e-10,11.8061,3.68763e-10,11.8045,-0.00161463
0.0996664,11.7628,17.3828,5.62003,14.4761,2.7133,11.768,0.00520825,11.7628,7.67274e-10,11.7628,5.42622e-10,11.7599,-0.00289929
0.109273,11.7151,17.09,5.37487,14.5602,2.84505,11.7213,0.00616641,11.7151,1.12461e-09,11.7151,7.95268e-10,11.7111,-0.00407726
0.118879,11.6632,16.7826,5.11936,14.6112,2.94802,11.6705,0.00727095,11.6632,1.64162e-09,11.6632,1.16083e-09,11.6581,-0.00510519
0.128486,11.6071,16.4631,4.85604,14.6294,3.02236,11.6156,0.00853825,11.6071,2.3865e-09,11.6071,1.68753e-09,11.6011,-0.00594524
0.138092,11.5467,16.1341,4.58741,14.6153,3.06864,11.5567,0.0099854,11.5467,3.45517e-09,11.5467,2.44319e-09,11.5401,-0.00656651
0.147698,11.4822,15.7981,4.3159,14.57,3.08785,11.4938,0.01163,11.4822,4.98191e-09,11.4822,3.52275e-09,11.4752,-0.00694614
0.157305,11.4135,15.4573,4.04384,14.4949,3.08138,11.427,0.0134901,11.4135,7.15387e-09,11.4135,5.05856e-09,11.4064,-0.00707014
0.166911,11.3407,15.1141,3.77342,14.3916,3.05092,11.3563,0.0155836,11.3407,1.02307e-08,11.3407,7.2342e-09,11.3338,-0.00693397
0.176518,11.2638,14.7705,3.50668,14.2623,2.99843,11.2818,0.0179283,11.2638,1.4571e-08,11.2638,1.03032e-08,11.2573,-0.00654263
0.186124,11.183,14.4284,3.24545,14.1091,2.92608,11.2035,0.0205414,11.183,2.06676e-08,11.183,1.46142e-08,11.1771,-0.00591052
0.19573,11.0982,14.0895,2.99139,13.9344,2.83622,11.1216,0.023439,11.0982,2.91951e-08,11.0982,2.06441e-08,11.0931,-0.00506091
0.205337,11.0094,13.7553,2.74593,13.7407,2.73127,11.0361,0.0266358,11.0094,4.10723e-08,11.0094,2.90425e-08,11.0054,-0.00402506
0.214943,10.9168,13.4271,2.51029,13.5305,2.61371,10.9469,0.0301448,10.9168,5.75449e-08,10.9168,4.06904e-08,10.914,-0.00284108
0.22455,10.8204,13.1059,2.28548,13.3064,2.48599,10.8543,0.0339765,10.8204,8.02941e-08,10.8204,5.67765e-08,10.8188,-0.00155255
0.234156,10.7202,12.7925,2.07229,13.0707,2.35053,10.7583,0.0381384,10.7202,1.11578e-07,10.7202,7.88977e-08,10.72,-0.000206894
0.243763,10.6163,12.4876,1.8713,12.8259,2.20963,10.6589,0.0426349,10.6163,1.54416e-07,10.6163,1.09189e-07,10.6174,0.00114638
0.253369,10.5088,12.1916,1.68288,12.5742,2.06545,10.5562,0.0474665,10.5088,2.12827e-07,10.5088,1.50491e-07,10.5112,0.00245747
0.262975,10.3976,11.9049,1.50724,12.3177,1.92002,10.4503,0.0526293,10.3976,2.92131e-07,10.3976,2.06568e-07,10.4013,0.00367812
0.272582,10.283,11.6274,1.3444,12.0582,1.77515,10.3411,0.0581148,10.283,3.99345e-07,10.283,2.8238e-07,10.2878,0.00476342
0.282188,10.165,11.3592,1.19425,11.7974,1.63247,10.2289,0.0639093,10.165,5.43673e-07,10.165,3.84435e-07,10.1706,0.00567343
0.291795,10.0435,11.1001,1.05653,11.5369,1.49337,10.1135,0.069994,10.0435,7.37132e-07,10.0435,5.21231e-07,10.0499,0.00637465
0.301401,9.91881,10.8497,0.930863,11.2779,1.35906,9.99515,0.0763442,9.91881,9.95341e-07,9.91881,7.03813e-07,9.92565,0.00684129
0.311007,9.79086,10.6076,0.816787,11.0214,1.23052,9.87379,0.0829298,9.79086,1.3385e-06,9.79086,9.4646e-07,9.79791,0.00705617
0.320614,9.65976,10.3735,0.713757,10.7683,1.10852,9.74948,0.0897146,9.65976,1.79259e-06,9.65976,1.26755e-06,9.66677,0.00701139
0.33022,9.5256,10.1468,0.62117,10.5192,0.993627,9.62226,0.0966574,9.5256,2.39092e-06,9.5256,1.69063e-06,9.53231,0.00670859
0.339827,9.38846,9.92684,0.538381,10.2747,0.88625,9.49217,0.103711,9.38847,3.1759e-06,9.38847,2.2457e-06,9.39462,0.00615891
0.349433,9.24843,9.71315,0.464716,10.035,0.786612,9.35925,0.110824,9.24843,4.20133e-06,9.24843,2.97079e-06,9.25381,0.00538259
0.359039,9.10559,9.50508,0.399488,9.80038,0.694793,9.22353,0.11794,9.10559,5.53511e-06,9.10559,3.91391e-06,9.11,0.00440819
0.368646,8.96003,9.30204,0.342011,9.57077,0.610742,9.08503,0.125,8.96004,7.26246e-06,8.96004,5.13534e-06,8.9633,0.00327156
0.378252,8.81185,9.10346,0.291604,9.34615,0.534299,8.94379,0.131939,8.81186,9.48988e-06,8.81186,6.71036e-06,8.81387,0.00201455
0.387859,8.66114,8.90875,0.247609,9.12635,0.46521,8.79984,0.138694,8.66116,1.23497e-05,8.66115,8.73255e-06,8.66183,0.0006834
0.397465,8.508,8.7174,0.209391,8.91115,0.40315,8.6532,0.145198,8.50802,1.60055e-05,8.50802,1.13176e-05,8.50733,-0.000672898
0.407071,8.35254,8.52888,0.176347,8.70027,0.347735,8.50392,0.151385,8.35256,2.06587e-05,8.35255,1.46079e-05,8.35053,-0.00200443
0.416678,8.19484,8.34275,0.14791,8.49338,0.298543,8.35203,0.15719,8.19487,2.65555e-05,8.19486,1.87776e-05,8.19158,-0.00326221
0.426284,8.03502,8.15857,0.123551,8.29015,0.255126,8.19757,0.162548,8.03506,3.39958e-05,8.03505,2.40387e-05,8.03062,-0.00439993
0.435891,7.87319,7.97597,0.102781,8.09021,0.21702,8.04059,0.167402,7.87323,4.33426e-05,7.87322,3.06478e-05,7.86781,-0.00537574
0.445497,7.70945,7.7946,0.0851526,7.89321,0.18376,7.88115,0.171695,7.70951,5.5033e-05,7.70949,3.89142e-05,7.7033,-0.00615372
0.455103,7.54392,7.61418,0.070259,7.69881,0.154889,7.7193,0.175377,7.54399,6.95904e-05,7.54397,4.92079e-05,7.53722,-0.00670525
0.46471,7.37671,7.43445,0.0577331,7.50668,0.129962,7.55512,0.178405,7.3768,8.76385e-05,7.37678,6.19698e-05,7.3697,-0.00701002
0.474316,7.20795,7.2552,0.0472462,7.3165,0.108553,7.38869,0.180742,7.20806,0.000109916,7.20803,7.77221e-05,7.20089,-0.00705683
0.483923,7.03774,7.07625,0.0385059,7.12801,0.0902635,7.2201,0.182361,7.03788,0.000137291,7.03784,9.70795e-05,7.0309,-0.00684395
0.493529,6.86622,6.89747,0.031254,6.94094,0.0747185,7.04946,0.183241,6.86639,0.000170783,6.86634,0.000120762,6.85984,-0.00637921
0.503135,6.6935,6.71877,0.0252641,6.75508,0.0615741,6.87688,0.183371,6.69372,0.000211575,6.69365,0.000149606,6.68782,-0.00567972
0.512742,6.51972,6.54006,0.0203386,6.57024,0.050516,6.70247,0.182751,6.51998,0.000261038,6.51991,0.000184582,6.51495,-0.00477121
0.522348,6.34501,6.36131,0.0163063,6.38627,0.0412597,6.52639,0.181387,6.34533,0.000320747,6.34523,0.000226802,6.34132,-0.00368713
0.531955,6.16949,6.18251,0.01302,6.20304,0.0335501,6.34878,0.179297,6.16988,0.000392499,6.16976,0.000277539,6.16702,-0.00246736
0.541561,5.9933,6.00365,0.0103534,6.02046,0.0271606,6.1698,0.176505,5.99377,0.000478338,5.99363,0.000338236,5.99214,-0.00115679
0.551167,5.81657,5.82477,0.00819927,5.83847,0.0218911,5.98962,0.173045,5.81716,0.000580562,5.81699,0.000410519,5.81677,0.000196347
0.560774,5.63946,5.64593,0.00646674,5.65703,0.0175664,5.80842,0.168959,5.64016,0.000701749,5.63996,0.000496212,5.641,0.00154226
0.57038,5.4621,5.46718,0.00507943,5.47613,0.0140342,5.62639,0.164294,5.46294,0.000844761,5.46269,0.000597336,5.46493,0.00283142
0.579987,5.28463,5.2886,0.0039734,5.29579,0.0111632,5.44373,0.159104,5.28564,0.00101275,5.28534,0.000716126,5.28864,0.00401638
0.589593,5.1072,5.11029,0.00309549,5.11604,0.00884079,5.26064,0.153447,5.10841,0.00120919,5.10805,0.000855025,5.11225,0.00505354
0.599199,4.92996,4.93236,0.00240168,4.93693,0.00697101,5.07734,0.147386,4.93139,0.00143781,4.93097,0.00101669,4.93586,0.00590473
0.608806,4.75306,4.75491,0.00185575,4.75853,0.00547277,4.89404,0.140984,4.75476,0.00170266,4.75426,0.00120396,4.7596,0.00653863
0.618412,4.57666,4.57809,0.00142805,4.58093,0.00427789,4.71097,0.134309,4.57867,0.00200805,4.57808,0.0014199,4.58359,0.0069319
0.628019,4.40091,4.402,0.00109442,4.40424,0.0033294,4.52833,0.127426,4.40327,0.00235851,4.40258,0.00166772,4.40798,0.00707009
0.637625,4.22597,4.22681,0.000835304,4.22855,0.00258,4.34637,0.120401,4.22873,0.00275881,4.22792,0.00195077,4.23292,0.0069481
0.647231,4.05201,4.05264,0.000634927,4.054,0.00199064,4.1653,0.113298,4.05522,0.00321383,4.05428,0.00227252,4.05858,0.00657042
0.656838,3.87918,3.87966,0.000480642,3.88071,0.00152929,3.98536,0.106177,3.88291,0.00372859,3.88182,0.00263651,3.88513,0.00595094
0.666444,3.70766,3.70802,0.000362359,3.70883,0.0011698,3.80675,0.0990965,3.71197,0.00430808,3.7107,0.00304627,3.71277,0.00511248
0.676051,3.53761,3.53788,0.000272066,3.5385,0.00089097,3.62972,0.0921097,3.54256,0.00495726,3.54111,0.00350531,3.54169,0.00408588
0.685657,3.3692,3.36941,0.000203436,3.36988,0.000675686,3.45447,0.085265,3.37488,0.00568092,3.37322,0.00401702,3.37211,0.00290891
0.695264,3.20261,3.20277,0.000151496,3.20312,0.000510223,3.28122,0.0786059,3.2091,0.00648357,3.2072,0.00458458,3.20424,0.0016249
0.70487,3.03802,3.03813,0.000112355,3.0384,0.000383629,3.11019,0.0721703,3.04539,0.00736934,3.04323,0.00521091,3.0383,0.000281099
0.714476,2.8756,2.87568,8.29858e-05,2.87589,0.000287211,2.94159,0.0659903,2.88394,0.00834184,2.8815,0.00589857,2.87453,-0.00107305
0.724083,2.71553,2.7156,6.10426e-05,2.71575,0.000214107,2.77563,0.0600926,2.72494,0.00940402,2.72218,0.00664965,2.71315,-0.00238771
0.733689,2.55801,2.55805,4.47179e-05,2.55816,0.000158929,2.6125,0.054498,2.56856,0.0105581,2.56547,0.00746568,2.55439,-0.00361451
0.743296,2.4032,2.40323,3.26248e-05,2.40332,0.000117468,2.45242,0.0492219,2.41501,0.0118052,2.41155,0.00834755,2.39849,-0.00470829
0.752902,2.25131,2.25133,2.37047e-05,2.2514,8.64533e-05,2.29558,0.0442747,2.26446,0.0131456,2.2606,0.00929538,2.24568,-0.00562881
0.762508,2.10252,2.10254,1.71529e-05,2.10258,6.33566e-05,2.14218,0.0396617,2.1171,0.0145784,2.11283,0.0103085,2.09618,-0.00634219
0.772115,1.95703,1.95704,1.23612e-05,1.95708,4.6233e-05,1.99241,0.0353839,1.97313,0.0161011,1.96841,0.0113852,1.95021,-0.00682217
0.781721,1.81503,1.81504,8.87162e-06,1.81506,3.35942e-05,1.84647,0.0314383,1.83274,0.01771,1.82755,0.0125229,1.80798,-0.00705111
0.791328,1.67672,1.67673,6.34109e-06,1.67675,2.43069e-05,1.70454,0.0278183,1.69612,0.0194,1.69044,0.0137179,1.6697,-0.00702056
0.800934,1.54231,1.54231,4.51381e-06,1.54233,1.75125e-05,1.56682,0.0245144,1.56347,0.0211643,1.55727,0.0149654,1.53558,-0.00673166
0.81054,1.41199,1.41199,3.19994e-06,1.412,1.25639e-05,1.4335,0.0215145,1.43498,0.0229946,1.42825,0.0162596,1.40579,-0.00619503
0.820147,1.28597,1.28597,2.25922e-06,1.28598,8.97551e-06,1.30477,0.0188044,1.31085,0.0248808,1.30356,0.0175934,1.28054,-0.00543043
0.829753,1.16446,1.16446,1.58852e-06,1.16447,6.38487e-06,1.18083,0.0163684,1.19127,0.0268116,1.18342,0.0189587,1.15999,-0.00446599
0.83936,1.04767,1.04767,1.11237e-06,1.04767,4.52278e-06,1.06186,0.0141896,1.07644,0.028774,1.06802,0.0203463,1.04433,-0.00333721
0.848966,0.935812,0.935813,7.75749e-07,0.935815,3.19022e-06,0.948063,0.0122506,0.966566,0.0307536,0.957558,0.0217461,0.933727,-0.00208561
0.858572,0.829103,0.829104,5.38782e-07,0.829106,2.24078e-06,0.839636,0.0105332,0.861838,0.0327348,0.85225,0.023147,0.828346,-0.000757263
0.868179,0.727761,0.727761,3.7267e-07,0.727762,1.56726e-06,0.73678,0.00901947,0.762462,0.0347011,0.752298,0.0245374,0.72836,0.00059895
0.877785,0.632005,0.632006,2.56716e-07,0.632006,1.09157e-06,0.639697,0.00769169,0.66864,0.0366349,0.65791,0.0259048,0.633938,0.00193312
0.887392,0.542059,0.54206,1.76117e-07,0.54206,7.57053e-07,0.548592,0.00653252,0.580578,0.0385182,0.569296,0.0272365,0.545256,0.00319615
0.896998,0.458149,0.458149,1.20328e-07,0.458149,5.2284e-07,0.463674,0.00552534,0.498481,0.0403325,0.486668,0.0285194,0.46249,0.00434157
0.906604,0.380501,0.380501,8.18755e-08,0.380501,3.59568e-07,0.385155,0.00465432,0.42256,0.0420595,0.410241,0.0297405,0.385828,0.00532722
0.916211,0.309346,0.309346,5.54828e-08,0.309346,2.46243e-07,0.31325,0.00390456,0.353026,0.0436808,0.340233,0.030887,0.315462,0.00611682
0.925817,0.244916,0.244916,3.7444e-08,0.244916,1.67925e-07,0.248178,0.00326217,0.290095,0.045179,0.276863,0.0319464,0.251598,0.00668133
0.935424,0.187448,0.187448,2.51665e-08,0.187448,1.14036e-07,0.190162,0.00271431,0.233985,0.0465373,0.220355,0.0329068,0.194448,0.00699997
0.94503,0.137178,0.137178,1.68455e-08,0.137178,7.71151e-08,0.139427,0.00224922,0.184918,0.0477402,0.170936,0.0337574,0.144239,0.00706101
0.954636,0.0943469,0.0943469,1.12296e-08,0.094347,5.19291e-08,0.0962031,0.00185619,0.143121,0.0487738,0.128835,0.0344883,0.101209,0.0068622
0.964243,0.0591968,0.0591968,7.45525e-09,0.0591968,3.48223e-08,0.0607223,0.00152557,0.108823,0.0496258,0.0942875,0.0350907,0.0656076,0.00641087
0.973849,0.0319726,0.0319726,4.92923e-09,0.0319726,2.32531e-08,0.0332213,0.00124871,0.0822586,0.050286,0.0675302,0.0355576,0.0376962,0.00572362
0.983456,0.0129219,0.0129219,3.24575e-09,0.0129219,1.54625e-08,0.0139398,0.00101791,0.0636683,0.0507464,0.048805,0.0358831,0.0177476,0.00482574
0.993062,0.00229449,0.00229449,2.12848e-09,0.0022945,1.02389e-08,0.00312086,0.000826367,0.0532959,0.0510014,0.0383579,0.0360634,0.00604477,0.00375028
1.00267,0.000342702,0.000342703,1.39009e-09,0.000342708,6.75164e-09,0.00101083,0.000668125,0.0513906,0.0510479,0.036439,0.0360963,0.0028795,0.0025368
1.01227,0.0073213,0.0073213,9.04137e-10,0.0073213,4.43345e-09,0.00785927,0.000537974,0.0582066,0.0508853,0.0433027,0.0359814,0.00855127,0.00122997
1.02188,0.0234875,0.0234875,5.8566e-10,0.0234875,2.89905e-09,0.0239189,0.000431403,0.0740032,0.0505157,0.0592075,0.03572,0.0233654,-0.000122117
1.03149,0.049101,0.049101,3.77811e-10,0.049101,1.88777e-09,0.0494455,0.000344527,0.0990444,0.0499434,0.0844163,0.0353153,0.0476313,-0.00146971
1.04109,0.0844239,0.0844239,2.4273e-10,0.0844239,1.22412e-09,0.0846979,0.000274021,0.133599,0.0491755,0.119196,0.0347723,0.0816607,-0.00276323
1.0507,0.129721,0.129721,1.55307e-10,0.129721,7.90457e-10,0.129938,0.000217051,0.177942,0.0482213,0.163818,0.0340976,0.125766,-0.00395505
1.06031,0.185259,0.185259,9.89637e-11,0.185259,5.08296e-10,0.18543,0.000171222,0.232351,0.047092,0.218558,0.0332991,0.180257,-0.00500133
1.06991,0.251307,0.251307,6.2803e-11,0.251307,3.2549e-10,0.251442,0.000134516,0.297108,0.0458009,0.283693,0.0323861,0.245444,-0.00586357
1.07952,0.328138,0.328138,3.96921e-11,0.328138,2.0756e-10,0.328243,0.000105247,0.372501,0.0443629,0.359507,0.0313693,0.321628,-0.00651002
1.08913,0.416026,0.416026,2.49831e-11,0.416026,1.31805e-10,0.416108,8.20092e-05,0.45882,0.0427942,0.446286,0.03026,0.409109,-0.00691691
1.09873,0.515247,0.515247,1.56605e-11,0.515247,8.33504e-11,0.515311,6.36406e-05,0.556359,0.0411119,0.544318,0.0290705,0.508178,-0.00706925
1.10834,0.626081,0.626081,9.77656e-12,0.626081,5.24889e-11,0.626131,4.91842e-05,0.665416,0.0393342,0.653895,0.0278135,0.61912,-0.00696145
1.11795,0.748811,0.748811,6.07833e-12,0.748811,3.29165e-11,0.748848,3.7856e-05,0.78629,0.0374793,0.775312,0.0265018,0.742213,-0.00659747
1.12755,0.883719,0.883719,3.76358e-12,0.883719,2.05564e-11,0.883748,2.90177e-05,0.919284,0.0355656,0.908867,0.0251487,0.877728,-0.00599071
1.13716,1.03109,1.03109,2.3208e-12,1.03109,1.2784e-11,1.03111,2.21519e-05,1.0647,0.0336116,1.05486,0.023767,1.02593,-0.00516348
1.14676,1.19122,1.19122,1.42525e-12,1.19122,7.91727e-12,1.19124,1.68413e-05,1.22286,0.0316349,1.21359,0.0223692,1.18707,-0.00414625
1.15637,1.3644,1.3644,8.71696e-13,1.3644,4.88283e-12,1.36441,1.27515e-05,1.39405,0.0296526,1.38536,0.0209675,1.36142,-0.00297643
1.16598,1.55091,1.55091,5.30954e-13,1.55091,2.99886e-12,1.55092,9.61533e-06,1.57859,0.0276807,1.57048,0.0195732,1.54921,-0.00169708
1.17558,1.75106,1.75106,3.22083e-13,1.75106,1.83413e-12,1.75107,7.22082e-06,1.7768,0.0257342,1.76926,0.0181968,1.75071,-0.000355273
1.18519,1.96515,1.96515,1.9458e-13,1.96515,1.11711e-12,1.96515,5.40042e-06,1.98898,0.0238266,1.982,0.016848,1.96615,0.000999604
1.1948,2.19347,2.19347,1.1707e-13,2.19347,6.77562e-13,2.19348,4.02242e-06,2.21544,0.0219702,2.20901,0.0155353,2.19579,0.0023177
1.2044,2.43634,2.43634,7.01476e-14,2.43634,4.09255e-13,2.43634,2.98377e-06,2.45651,0.0201754,2.4506,0.0142662,2.43989,0.0035505
1.21401,2.69405,2.69405,4.186e-14,2.69405,2.46167e-13,2.69405,2.20426e-06,2.7125,0.0184515,2.7071,0.0130472,2.6987,0.00465264
1.22362,2.96692,2.96692,2.48773e-14,2.96692,1.47454e-13,2.96692,1.62173e-06,2.98372,0.0168058,2.9788,0.0118835,2.9725,0.00558357
1.23322,3.25525,3.25525,1.4724e-14,3.25525,8.79584e-14,3.25525,1.18826e-06,3.2705,0.0152442,3.26603,0.0107793,3.26156,0.00630902
1.24283,3.55937,3.55937,8.67899e-15,3.55937,5.22504e-14,3.55937,8.67095e-07,3.57314,0.0137711,3.56911,0.00973766,3.56617,0.0068023
1.25243,3.87958,3.87958,5.09483e-15,3.87958,3.09097e-14,3.87958,6.30142e-07,3.89197,0.0123895,3.88834,0.00876068,3.88663,0.00704526
1.26204,4.21621,4.21621,2.97858e-15,4.21621,1.82093e-14,4.21621,4.56068e-07,4.22731,0.0111008,4.22406,0.00784947,4.22324,0.00702896
1.27165,4.56957,4.56957,1.73423e-15,4.56957,1.06828e-14,4.56957,3.2873e-07,4.57948,0.00990549,4.57658,0.00700424,4.57633,0.00675399
1.28125,4.94,4.94,1.0056e-15,4.94,6.24122e-15,4.94,2.35976e-07,4.9488,0.0088027,4.94622,0.00622445,4.94623,0.00623047
1.29086,5.3278,5.3278,5.80712e-16,5.3278,3.6312e-15,5.3278,1.687e-07,5.3356,0.00779066,5.33331,0.00550883,5.33328,0.00547768
1.30047,5.73333,5.73333,3.33976e-16,5.73333,2.1039e-15,5.73333,1.20111e-07,5.74019,0.00686676,5.73818,0.00485553,5.73785,0.00452331
1.31007,6.1569,6.1569,1.91289e-16,6.1569,1.21393e-15,6.1569,8.51659e-08,6.16292,0.00602764,6.16116,0.00426219,6.1603,0.00340248
1.31968,6.59884,6.59884,1.09114e-16,6.59884,6.97524e-16,6.59884,6.01408e-08,6.60411,0.00526942,6.60257,0.00372604,6.601,0.00215644
1.32929,7.0595,7.0595,6.19858e-17,7.0595,3.99135e-16,7.0595,4.22952e-08,7.06409,0.00458771,7.06274,0.003244,7.06033,0.000831043
1.33889,7.53921,7.53921,3.50689e-17,7.53921,2.27445e-16,7.53921,2.96232e-08,7.54319,0.00397785,7.54202,0.00281276,7.53869,-0.000524935
1.3485,8.03832,8.03832,1.97592e-17,8.03832,1.29071e-16,8.03832,2.06629e-08,8.04175,0.00343494,8.04074,0.00242887,8.03645,-0.0018616
1.35811,8.55716,8.55716,1.10876e-17,8.55716,7.29424e-17,8.55716,1.43539e-08,8.56011,0.00295399,8.55924,0.00208879,8.55403,-0.00312975
1.36771,9.09608,9.09608,6.19617e-18,9.09608,4.10513e-17,9.09608,9.93043e-09,9.09861,0.00252998,9.09786,0.00178897,9.09179,-0.00428273
1.37732,9.65543,9.65543,3.44848e-18,9.65543,2.30076e-17,9.65543,6.84201e-09,9.65758,0.00215797,9.65695,0.00152591,9.65015,-0.00527811
1.38692,10.2356,10.2356,1.9114e-18,10.2356,1.28414e-17,10.2356,4.69482e-09,10.2374,0.00183312,10.2369,0.00129621,10.2295,-0.00607925
1.39653,10.8368,10.8368,1.0551e-18,10.8368,7.13762e-18,10.8368,3.20828e-09,10.8384,0.0015508,10.8379,0.00109658,10.8302,-0.00665668
1.40614,11.4596,11.4596,5.80036e-19,11.4596,3.95086e-18,11.4596,2.18346e-09,11.4609,0.00130659,11.4605,0.000923899,11.4526,-0.00698914
1.41574,12.1042,12.1042,3.17566e-19,12.1042,2.17785e-18,12.1042,1.47991e-09,12.1053,0.00109633,12.1049,0.000775223,12.0971,-0.00706441
1.42535,12.771,12.771,1.73154e-19,12.771,1.19554e-18,12.771,9.98953e-10,12.7719,0.000916142,12.7716,0.00064781,12.7641,-0.0068797
1.43496,13.4603,13.4603,9.40265e-20,13.4603,6.53579e-19,13.4603,6.71543e-10,13.4611,0.000762435,13.4609,0.000539123,13.4539,-0.00644183
1.44456,14.1726,14.1726,5.08494e-20,14.1726,3.55821e-19,14.1726,4.49595e-10,14.1733,0.000631919,14.1731,0.000446834,14.1669,-0.00576689
1.45417,14.9082,14.9082,2.73868e-20,14.9082,1.92915e-19,14.9082,2.99769e-10,14.9088,0.000521601,14.9086,0.000368828,14.9034,-0.00487974
1.46378,15.6675,15.6675,1.46898e-20,15.6675,1.04159e-19,15.6675,1.99054e-10,15.6679,0.00042878,15.6678,0.000303193,15.6637,-0.00381301
1.47338,16.4508,16.4508,7.84706e-21,16.4508,5.60056e-20,16.4508,1.31636e-10,16.4512,0.000351034,16.4511,0.000248219,16.4482,-0.00260597
1.48299,17.2586,17.2586,4.17463e-21,17.2586,2.99892e-20,17.2586,8.66957e-11,17.2588,0.000286209,17.2588,0.00020238,17.2573,-0.00130302
1.4926,18.0911,18.0911,2.21181e-21,18.0911,1.59919e-20,18.0911,5.68642e-11,18.0913,0.0002324,18.0913,0.000164331,18.0911,4.78725e-05
1.5022,18.9488,18.9488,1.16707e-21,18.9488,8.49246e-21,18.9488,3.71449e-11,18.949,0.000187935,18.9489,0.00013289,18.9502,0.00139701
1.51181,19.8321,19.8321,6.13286e-22,19.8321,4.49127e-21,19.8321,2.41645e-11,19.8322,0.000151355,19.8322,0.000107024,19.8348,0.00269473
1.52141,20.7413,20.7413,3.20959e-22,20.7413,2.36541e-21,20.7413,1.56558e-11,20.7414,0.000121396,20.7414,8.58401e-05,20.7452,0.00389329
1.53102,21.6768,21.6768,1.67284e-22,21.6768,1.24064e-21,21.6768,1.01016e-11,21.6769,9.69689e-05,21.6769,6.85674e-05,21.6818,0.00494858
1.54063,22.6391,22.6391,8.68316e-23,22.6391,6.48014e-22,22.6391,6.49121e-12,22.6392,7.71398e-05,22.6391,5.45461e-05,22.6449,0.00582176
1.55023,23.6284,23.6284,4.48869e-23,23.6284,3.37075e-22,23.6284,4.15412e-12,23.6285,6.11144e-05,23.6285,4.32144e-05,23.6349,0.0064807
1.55984,24.6453,24.6453,2.3109e-23,24.6453,1.74611e-22,24.6453,2.64759e-12,24.6454,4.822e-05,24.6454,3.40967e-05,24.6522,0.00690115
1.56945,25.6901,25.6901,1.18484e-23,25.6901,9.00776e-23,25.6901,1.68052e-12,25.6901,3.78904e-05,25.6901,2.67926e-05,25.6972,0.00706764
1.57905,26.7632,26.7632,6.05006e-24,26.7632,4.6277e-23,26.7632,1.06231e-12,26.7632,2.96518e-05,26.7632,2.0967e-05,26.7702,0.00697404
1.58866,27.865,27.865,3.07664e-24,27.865,2.36765e-23,27.865,6.68777e-13,27.865,2.31095e-05,27.865,1.63409e-05,27.8716,0.0066238
1.59827,28.9959,28.9959,1.55816e-24,28.9959,1.20634e-23,28.9959,4.19303e-13,28.9959,1.7937e-05,28.9959,1.26834e-05,29.0019,0.00602981
1.60787,30.1563,30.1563,7.85901e-25,30.1563,6.12109e-24,30.1563,2.61815e-13,30.1563,1.38652e-05,30.1563,9.80419e-06,30.1615,0.00521392
1.61748,31.3466,31.3466,3.94767e-25,31.3466,3.09307e-24,31.3466,1.62809e-13,31.3466,1.06739e-05,31.3466,7.54758e-06,31.3508,0.00420616
